,Area,Sample,Image,Channel,Type,Threshold,Percentage,True_Channel,Treatment,Time,Notes
1,0.425,SC_2dpl_sample1_MAX_C1.tif,SC_2dpl_sample1_MAX_C1.tif,Hoechst,ROI Area,0,0,Hoechst,Sym_Control,2dpl,
2,0.425,SC_2dpl_sample1_MAX_C1.tif,SC_2dpl_sample1_MAX_C4.tif,Second,Threshold Area,0.011,2.685,EdU,Sym_Control,2dpl,
3,0.425,SC_2dpl_sample1_MAX_C1.tif,SC_2dpl_sample1_MAX_C1.tif,Hoechst,ROI Area,0,0,Hoechst,Sym_Control,2dpl,
4,0.425,SC_2dpl_sample1_MAX_C1.tif,SC_2dpl_sample1_MAX_C3.tif,Second,Threshold Area,0.161,37.96,Caspase,Sym_Control,2dpl,
5,0.335,SC_2dpl_sample2_MAX_C1.tif,SC_2dpl_sample2_MAX_C1.tif,Hoechst,ROI Area,0,0,Hoechst,Sym_Control,2dpl,
6,0.335,SC_2dpl_sample2_MAX_C1.tif,SC_2dpl_sample2_MAX_C4.tif,Second,Threshold Area,0.015,4.383,EdU,Sym_Control,2dpl,
7,0.335,SC_2dpl_sample2_MAX_C1.tif,SC_2dpl_sample2_MAX_C1.tif,Hoechst,ROI Area,0,0,Hoechst,Sym_Control,2dpl,
8,0.335,SC_2dpl_sample2_MAX_C1.tif,SC_2dpl_sample2_MAX_C3.tif,Second,Threshold Area,7.11E-04,0.212,Caspase,Sym_Control,2dpl,
9,0.301,SC_2dpl_sample3_MAX_C1.tif,SC_2dpl_sample3_MAX_C1.tif,Hoechst,ROI Area,0,0,Hoechst,Sym_Control,2dpl,
10,0.301,SC_2dpl_sample3_MAX_C1.tif,SC_2dpl_sample3_MAX_C4.tif,Second,Threshold Area,0.02,6.789,EdU,Sym_Control,2dpl,
11,0.301,SC_2dpl_sample3_MAX_C1.tif,SC_2dpl_sample3_MAX_C1.tif,Hoechst,ROI Area,0,0,Hoechst,Sym_Control,2dpl,
12,0.301,SC_2dpl_sample3_MAX_C1.tif,SC_2dpl_sample3_MAX_C3.tif,Second,Threshold Area,0.011,3.512,Caspase,Sym_Control,2dpl,
13,0.524,SC_2dpl_sample4_MAX_C1.tif,SC_2dpl_sample4_MAX_C1.tif,Hoechst,ROI Area,0,0,Hoechst,Sym_Control,2dpl,
14,0.524,SC_2dpl_sample4_MAX_C1.tif,SC_2dpl_sample4_MAX_C4.tif,Second,Threshold Area,0.018,3.34,EdU,Sym_Control,2dpl,
15,0.524,SC_2dpl_sample4_MAX_C1.tif,SC_2dpl_sample4_MAX_C1.tif,Hoechst,ROI Area,0,0,Hoechst,Sym_Control,2dpl,
16,0.524,SC_2dpl_sample4_MAX_C1.tif,SC_2dpl_sample4_MAX_C3.tif,Second,Threshold Area,0.07,13.262,Caspase,Sym_Control,2dpl,
17,0.223,SC_2dpl_sample5_MAX_C3.tif,SC_2dpl_sample5_MAX_C3.tif,Hoechst,ROI Area,0,0,Caspase,Sym_Control,2dpl,
18,0.223,SC_2dpl_sample5_MAX_C3.tif,SC_2dpl_sample5_MAX_C4.tif,Second,Threshold Area,0.005,2.204,EdU,Sym_Control,2dpl,
19,0.223,SC_2dpl_sample5_MAX_C1.tif,SC_2dpl_sample5_MAX_C1.tif,Hoechst,ROI Area,0,0,Hoechst,Sym_Control,2dpl,
20,0.223,SC_2dpl_sample5_MAX_C1.tif,SC_2dpl_sample5_MAX_C3.tif,Second,Threshold Area,0.057,25.481,Caspase,Sym_Control,2dpl,
21,0.239,SC_5dpl_sample1_MAX_C1-1.tif,SC_5dpl_sample1_MAX_C1-1.tif,Hoechst,ROI Area,0,0,Hoechst,Sym_Control,5dpl,
22,0.239,SC_5dpl_sample1_MAX_C1-1.tif,SC_5dpl_sample1_MAX_C4.tif,Second,Threshold Area,0.012,4.925,EdU,Sym_Control,5dpl,
23,0.239,SC_5dpl_sample1_MAX_C1-1.tif,SC_5dpl_sample1_MAX_C1-1.tif,Hoechst,ROI Area,0,0,Hoechst,Sym_Control,5dpl,
24,0.239,SC_5dpl_sample1_MAX_C1-1.tif,SC_5dpl_sample1_MAX_C3-1.tif,Second,Threshold Area,4.81E-04,0.201,Caspase,Sym_Control,5dpl,
1,0.312,SC_5dpl_sample2_MAX_C1.tif,SC_5dpl_sample2_MAX_C1.tif,Hoechst,ROI Area,0,0,Hoechst,Sym_Control,5dpl,
2,0.312,SC_5dpl_sample2_MAX_C1.tif,SC_5dpl_sample2_MAX_C4.tif,Second,Threshold Area,0.013,4.245,EdU,Sym_Control,5dpl,
3,0.312,SC_5dpl_sample2_MAX_C1.tif,SC_5dpl_sample2_MAX_C1.tif,Hoechst,ROI Area,0,0,Hoechst,Sym_Control,5dpl,
4,0.312,SC_5dpl_sample2_MAX_C1.tif,SC_5dpl_sample2_MAX_C3.tif,Second,Threshold Area,0.006,1.96,Caspase,Sym_Control,5dpl,
5,0.277,SC_5dpl_sample3_MAX_C1.tif,SC_5dpl_sample3_MAX_C1.tif,Hoechst,ROI Area,0,0,Hoechst,Sym_Control,5dpl,
6,0.277,SC_5dpl_sample3_MAX_C1.tif,SC_5dpl_sample3_MAX_C4.tif,Second,Threshold Area,0.028,10.233,EdU,Sym_Control,5dpl,
7,0.277,SC_5dpl_sample3_MAX_C1.tif,SC_5dpl_sample3_MAX_C1.tif,Hoechst,ROI Area,0,0,Hoechst,Sym_Control,5dpl,
8,0.277,SC_5dpl_sample3_MAX_C1.tif,SC_5dpl_sample3_MAX_C3.tif,Second,Threshold Area,0.005,1.866,Caspase,Sym_Control,5dpl,
9,0.389,SC_5dpl_sample4_bad_MAX_C1.tif,SC_5dpl_sample4_bad_MAX_C1.tif,Hoechst,ROI Area,0,0,Hoechst,Sym_Control,5dpl,
10,0.389,SC_5dpl_sample4_bad_MAX_C1.tif,SC_5dpl_sample4_bad_MAX_C3.tif,Second,Threshold Area,0.011,2.811,Caspase,Sym_Control,5dpl,
11,0.389,SC_5dpl_sample4_bad_MAX_C1.tif,SC_5dpl_sample4_bad_MAX_C1.tif,Hoechst,ROI Area,0,0,Hoechst,Sym_Control,5dpl,
12,0.389,SC_5dpl_sample4_bad_MAX_C1.tif,SC_5dpl_sample4_bad_MAX_C4.tif,Second,Threshold Area,2.29E-04,0.059,EdU,Sym_Control,5dpl,
13,0.343,SC_5dpl_sample5_MAX_C1.tif,SC_5dpl_sample5_MAX_C1.tif,Hoechst,ROI Area,0,0,Hoechst,Sym_Control,5dpl,
14,0.343,SC_5dpl_sample5_MAX_C1.tif,SC_5dpl_sample5_MAX_C4.tif,Second,Threshold Area,0.006,1.626,EdU,Sym_Control,5dpl,
15,0.343,SC_5dpl_sample5_MAX_C1.tif,SC_5dpl_sample5_MAX_C1.tif,Hoechst,ROI Area,0,0,Hoechst,Sym_Control,5dpl,
16,0.343,SC_5dpl_sample5_MAX_C1.tif,SC_5dpl_sample5_MAX_C3.tif,Second,Threshold Area,0.022,6.471,Caspase,Sym_Control,5dpl,
17,0.325,SC_5dpl_sample5_tent_MAX_C1.tif,SC_5dpl_sample5_tent_MAX_C1.tif,Hoechst,ROI Area,0,0,Hoechst,Sym_Control,5dpl,
18,0.325,SC_5dpl_sample5_tent_MAX_C1.tif,SC_5dpl_sample5_tent_MAX_C4.tif,Second,Threshold Area,0.021,6.471,EdU,Sym_Control,5dpl,
19,0.325,SC_5dpl_sample5_tent_MAX_C1.tif,SC_5dpl_sample5_tent_MAX_C1.tif,Hoechst,ROI Area,0,0,Hoechst,Sym_Control,5dpl,
20,0.325,SC_5dpl_sample5_tent_MAX_C1.tif,SC_5dpl_sample5_tent_MAX_C3.tif,Second,Threshold Area,0.031,9.499,Caspase,Sym_Control,5dpl,
21,0.358,SC_5dpl_sample6_MAX_C1.tif,SC_5dpl_sample6_MAX_C1.tif,Hoechst,ROI Area,0,0,Hoechst,Sym_Control,5dpl,
22,0.358,SC_5dpl_sample6_MAX_C1.tif,SC_5dpl_sample6_MAX_C4.tif,Second,Threshold Area,0.026,7.352,EdU,Sym_Control,5dpl,
23,0.358,SC_5dpl_sample6_MAX_C1.tif,SC_5dpl_sample6_MAX_C1.tif,Hoechst,ROI Area,0,0,Hoechst,Sym_Control,5dpl,
24,0.358,SC_5dpl_sample6_MAX_C1.tif,SC_5dpl_sample6_MAX_C3.tif,Second,Threshold Area,0.005,1.527,Caspase,Sym_Control,5dpl,
25,0.181,SC_5dpl_sample6_tent_MAX_C1.tif,SC_5dpl_sample6_tent_MAX_C1.tif,Hoechst,ROI Area,0,0,Hoechst,Sym_Control,5dpl,
26,0.181,SC_5dpl_sample6_tent_MAX_C1.tif,SC_5dpl_sample6_tent_MAX_C4.tif,Second,Threshold Area,0.038,21.063,EdU,Sym_Control,5dpl,
27,0.181,SC_5dpl_sample6_tent_MAX_C1.tif,SC_5dpl_sample6_tent_MAX_C1.tif,Hoechst,ROI Area,0,0,Hoechst,Sym_Control,5dpl,
28,0.181,SC_5dpl_sample6_tent_MAX_C1.tif,SC_5dpl_sample6_tent_MAX_C3.tif,Second,Threshold Area,0.003,1.804,Caspase,Sym_Control,5dpl,
29,0.352,SC_5dpl_sample7_MAX_C1.tif,SC_5dpl_sample7_MAX_C1.tif,Hoechst,ROI Area,0,0,Hoechst,Sym_Control,5dpl,
30,0.352,SC_5dpl_sample7_MAX_C1.tif,SC_5dpl_sample7_MAX_C3.tif,Second,Threshold Area,0.017,4.896,Caspase,Sym_Control,5dpl,
31,0.352,SC_5dpl_sample7_MAX_C1.tif,SC_5dpl_sample7_MAX_C1.tif,Hoechst,ROI Area,0,0,Hoechst,Sym_Control,5dpl,
32,0.352,SC_5dpl_sample7_MAX_C1.tif,SC_5dpl_sample7_MAX_C4.tif,Second,Threshold Area,0.024,6.827,EdU,Sym_Control,5dpl,
33,0.493,SC_5dpl_sample8_MAX_C1.tif,SC_5dpl_sample8_MAX_C1.tif,Hoechst,ROI Area,0,0,Hoechst,Sym_Control,5dpl,Bad_Shape
34,0.493,SC_5dpl_sample8_MAX_C1.tif,SC_5dpl_sample8_MAX_C4.tif,Second,Threshold Area,0.035,7.021,EdU,Sym_Control,5dpl,Bad_Shape
35,0.493,SC_5dpl_sample8_MAX_C1.tif,SC_5dpl_sample8_MAX_C1.tif,Hoechst,ROI Area,0,0,Hoechst,Sym_Control,5dpl,Bad_Shape
36,0.493,SC_5dpl_sample8_MAX_C1.tif,SC_5dpl_sample8_MAX_C3.tif,Second,Threshold Area,0.013,2.561,Caspase,Sym_Control,5dpl,Bad_Shape
1,0.295,SC_8dpl_sample1_MAX_C1.tif,SC_8dpl_sample1_MAX_C1.tif,Hoechst,ROI Area,0,0,Hoechst,Sym_Control,8dpl,
2,0.295,SC_8dpl_sample1_MAX_C1.tif,SC_8dpl_sample1_MAX_C4.tif,Second,Threshold Area,0.002,0.575,EdU,Sym_Control,8dpl,
3,0.295,SC_8dpl_sample1_MAX_C1.tif,SC_8dpl_sample1_MAX_C1.tif,Hoechst,ROI Area,0,0,Hoechst,Sym_Control,8dpl,
4,0.295,SC_8dpl_sample1_MAX_C1.tif,SC_8dpl_sample1_MAX_C3.tif,Second,Threshold Area,0.003,0.953,Caspase,Sym_Control,8dpl,
5,0.375,SC_8dpl_sample2_MAX_C1.tif,SC_8dpl_sample2_MAX_C1.tif,Hoechst,ROI Area,0,0,Hoechst,Sym_Control,8dpl,
6,0.375,SC_8dpl_sample2_MAX_C1.tif,SC_8dpl_sample2_MAX_C4.tif,Second,Threshold Area,0.021,5.592,EdU,Sym_Control,8dpl,
7,0.375,SC_8dpl_sample2_MAX_C1.tif,SC_8dpl_sample2_MAX_C1.tif,Hoechst,ROI Area,0,0,Hoechst,Sym_Control,8dpl,
8,0.375,SC_8dpl_sample2_MAX_C1.tif,SC_8dpl_sample2_MAX_C3.tif,Second,Threshold Area,0.008,2.21,Caspase,Sym_Control,8dpl,
9,0.399,SC_8dpl_sample3_MAX_C1.tif,SC_8dpl_sample3_MAX_C1.tif,Hoechst,ROI Area,0,0,Hoechst,Sym_Control,8dpl,
10,0.399,SC_8dpl_sample3_MAX_C1.tif,SC_8dpl_sample3_MAX_C4.tif,Second,Threshold Area,0.006,1.421,EdU,Sym_Control,8dpl,
11,0.399,SC_8dpl_sample3_MAX_C1.tif,SC_8dpl_sample3_MAX_C1.tif,Hoechst,ROI Area,0,0,Hoechst,Sym_Control,8dpl,
12,0.399,SC_8dpl_sample3_MAX_C1.tif,SC_8dpl_sample3_MAX_C3.tif,Second,Threshold Area,0.003,0.662,Caspase,Sym_Control,8dpl,
13,0.337,SC_8dpl_sample4_MAX_C1.tif,SC_8dpl_sample4_MAX_C1.tif,Hoechst,ROI Area,0,0,Hoechst,Sym_Control,8dpl,
14,0.337,SC_8dpl_sample4_MAX_C1.tif,SC_8dpl_sample4_MAX_C4.tif,Second,Threshold Area,0.001,0.363,EdU,Sym_Control,8dpl,
15,0.337,SC_8dpl_sample4_MAX_C1.tif,SC_8dpl_sample4_MAX_C1.tif,Hoechst,ROI Area,0,0,Hoechst,Sym_Control,8dpl,
16,0.337,SC_8dpl_sample4_MAX_C1.tif,SC_8dpl_sample4_MAX_C3.tif,Second,Threshold Area,0.007,2.142,Caspase,Sym_Control,8dpl,
17,0.213,SC_8dpl_sample5_MAX_C1.tif,SC_8dpl_sample5_MAX_C1.tif,Hoechst,ROI Area,0,0,Hoechst,Sym_Control,8dpl,
18,0.213,SC_8dpl_sample5_MAX_C1.tif,SC_8dpl_sample5_MAX_C4.tif,Second,Threshold Area,0.01,4.552,EdU,Sym_Control,8dpl,
19,0.213,SC_8dpl_sample5_MAX_C1.tif,SC_8dpl_sample5_MAX_C1.tif,Hoechst,ROI Area,0,0,Hoechst,Sym_Control,8dpl,
20,0.213,SC_8dpl_sample5_MAX_C1.tif,SC_8dpl_sample5_MAX_C3.tif,Second,Threshold Area,0.002,0.819,Caspase,Sym_Control,8dpl,
21,0.453,SC_8dpl_sample6_MAX_C1.tif,SC_8dpl_sample6_MAX_C1.tif,Hoechst,ROI Area,0,0,Hoechst,Sym_Control,8dpl,
22,0.453,SC_8dpl_sample6_MAX_C1.tif,SC_8dpl_sample6_MAX_C4.tif,Second,Threshold Area,2.09E-04,0.046,EdU,Sym_Control,8dpl,
23,0.453,SC_8dpl_sample6_MAX_C1.tif,SC_8dpl_sample6_MAX_C1.tif,Hoechst,ROI Area,0,0,Hoechst,Sym_Control,8dpl,
24,0.453,SC_8dpl_sample6_MAX_C1.tif,SC_8dpl_sample6_MAX_C3.tif,Second,Threshold Area,0.005,1.178,Caspase,Sym_Control,8dpl,
1,0.455,SH_2dpl_sample1_MAX_C1.tif,SH_2dpl_sample1_MAX_C1.tif,Hoechst,ROI Area,0,0,Hoechst,Sym_HS,2dpl,
2,0.455,SH_2dpl_sample1_MAX_C1.tif,SH_2dpl_sample1_MAX_C4.tif,Second,Threshold Area,3.10E-02,6.737,EdU,Sym_HS,2dpl,
3,0.455,SH_2dpl_sample1_MAX_C1.tif,SH_2dpl_sample1_MAX_C1.tif,Hoechst,ROI Area,0,0,Hoechst,Sym_HS,2dpl,
4,0.455,SH_2dpl_sample1_MAX_C1.tif,SH_2dpl_sample1_MAX_C3.tif,Second,Threshold Area,2.00E-02,4.431,Caspase,Sym_HS,2dpl,
1,0.411,SH_2dpl_sample2_MAX_C1.tif,SH_2dpl_sample2_MAX_C1.tif,Hoechst,ROI Area,0,0,Hoechst,Sym_HS,2dpl,
2,0.411,SH_2dpl_sample2_MAX_C1.tif,SH_2dpl_sample2_MAX_C4.tif,Second,Threshold Area,1.80E-02,4.302,EdU,Sym_HS,2dpl,
3,0.411,SH_2dpl_sample2_MAX_C1.tif,SH_2dpl_sample2_MAX_C1.tif,Hoechst,ROI Area,0,0,Hoechst,Sym_HS,2dpl,
4,0.411,SH_2dpl_sample2_MAX_C1.tif,SH_2dpl_sample2_MAX_C3.tif,Second,Threshold Area,0.004,0.891,Caspase,Sym_HS,2dpl,
5,0.561,SH_2dpl_sample3_MAX_C1.tif,SH_2dpl_sample3_MAX_C1.tif,Hoechst,ROI Area,0,0,Hoechst,Sym_HS,2dpl,
6,0.561,SH_2dpl_sample3_MAX_C1.tif,SH_2dpl_sample3_MAX_C4.tif,Second,Threshold Area,0.05,8.905,EdU,Sym_HS,2dpl,
7,0.561,SH_2dpl_sample3_MAX_C1.tif,SH_2dpl_sample3_MAX_C1.tif,Hoechst,ROI Area,0,0,Hoechst,Sym_HS,2dpl,
8,0.561,SH_2dpl_sample3_MAX_C1.tif,SH_2dpl_sample3_MAX_C3.tif,Second,Threshold Area,0.016,2.763,Caspase,Sym_HS,2dpl,
9,0.338,SH_2dpl_sample4_MAX_C1.tif,SH_2dpl_sample4_MAX_C1.tif,Hoechst,ROI Area,0,0,Hoechst,Sym_HS,2dpl,
10,0.338,SH_2dpl_sample4_MAX_C1.tif,SH_2dpl_sample4_MAX_C4.tif,Second,Threshold Area,0.017,5.125,EdU,Sym_HS,2dpl,
11,0.338,SH_2dpl_sample4_MAX_C1.tif,SH_2dpl_sample4_MAX_C1.tif,Hoechst,ROI Area,0,0,Hoechst,Sym_HS,2dpl,
12,0.338,SH_2dpl_sample4_MAX_C1.tif,SH_2dpl_sample4_MAX_C3.tif,Second,Threshold Area,0.007,2.109,Caspase,Sym_HS,2dpl,
13,0.531,SH_2dpl_sample5_MAX_C1.tif,SH_2dpl_sample5_MAX_C1.tif,Hoechst,ROI Area,0,0,Hoechst,Sym_HS,2dpl,
14,0.531,SH_2dpl_sample5_MAX_C1.tif,SH_2dpl_sample5_MAX_C4.tif,Second,Threshold Area,0.009,1.701,EdU,Sym_HS,2dpl,
15,0.531,SH_2dpl_sample5_MAX_C1.tif,SH_2dpl_sample5_MAX_C1.tif,Hoechst,ROI Area,0,0,Hoechst,Sym_HS,2dpl,
16,0.531,SH_2dpl_sample5_MAX_C1.tif,SH_2dpl_sample5_MAX_C3.tif,Second,Threshold Area,0.037,6.936,Caspase,Sym_HS,2dpl,
17,0.338,SH_2dpl_sample6_MAX_C1.tif,SH_2dpl_sample6_MAX_C1.tif,Hoechst,ROI Area,0,0,Hoechst,Sym_HS,2dpl,
18,0.338,SH_2dpl_sample6_MAX_C1.tif,SH_2dpl_sample6_MAX_C4.tif,Second,Threshold Area,0.006,1.689,EdU,Sym_HS,2dpl,
19,0.338,SH_2dpl_sample6_MAX_C1.tif,SH_2dpl_sample6_MAX_C1.tif,Hoechst,ROI Area,0,0,Hoechst,Sym_HS,2dpl,
20,0.338,SH_2dpl_sample6_MAX_C1.tif,SH_2dpl_sample6_MAX_C3.tif,Second,Threshold Area,0.006,1.831,Caspase,Sym_HS,2dpl,
21,0.425,SH_5dpl_sample1_MAX_C1.tif,SH_5dpl_sample1_MAX_C1.tif,Hoechst,ROI Area,0,0,Hoechst,Sym_HS,5dpl,
22,0.425,SH_5dpl_sample1_MAX_C1.tif,SH_5dpl_sample1_MAX_C4.tif,Second,Threshold Area,0.018,4.345,EdU,Sym_HS,5dpl,
23,0.425,SH_5dpl_sample1_MAX_C1.tif,SH_5dpl_sample1_MAX_C1.tif,Hoechst,ROI Area,0,0,Hoechst,Sym_HS,5dpl,
24,0.425,SH_5dpl_sample1_MAX_C1.tif,SH_5dpl_sample1_MAX_C3.tif,Second,Threshold Area,3.57E-04,0.084,Caspase,Sym_HS,5dpl,
25,0.04,SH_5dpl_sample1_tent_MAX_C1.tif,SH_5dpl_sample1_tent_MAX_C1.tif,Hoechst,ROI Area,0,0,Hoechst,Sym_HS,5dpl,Tentacle_high
26,0.04,SH_5dpl_sample1_tent_MAX_C1.tif,SH_5dpl_sample1_tent_MAX_C4.tif,Second,Threshold Area,0.006,15.326,EdU,Sym_HS,5dpl,Tentacle_high
27,0.04,SH_5dpl_sample1_tent_MAX_C1.tif,SH_5dpl_sample1_tent_MAX_C1.tif,Hoechst,ROI Area,0,0,Hoechst,Sym_HS,5dpl,Tentacle_high
28,0.04,SH_5dpl_sample1_tent_MAX_C1.tif,SH_5dpl_sample1_tent_MAX_C3.tif,Second,Threshold Area,0.001,2.958,Caspase,Sym_HS,5dpl,Tentacle_high
1,0.258,SH_5dpl_sample2_MAX_C1.tif,SH_5dpl_sample2_MAX_C1.tif,Hoechst,ROI Area,0,0,Hoechst,Sym_HS,5dpl,
2,0.258,SH_5dpl_sample2_MAX_C1.tif,SH_5dpl_sample2_MAX_C4.tif,Second,Threshold Area,0.003,0.981,EdU,Sym_HS,5dpl,
3,0.258,SH_5dpl_sample2_MAX_C1.tif,SH_5dpl_sample2_MAX_C1.tif,Hoechst,ROI Area,0,0,Hoechst,Sym_HS,5dpl,
4,0.258,SH_5dpl_sample2_MAX_C1.tif,SH_5dpl_sample2_MAX_C3.tif,Second,Threshold Area,0.011,4.387,Caspase,Sym_HS,5dpl,
5,0.426,SH_5dpl_sample3_MAX_C1.tif,SH_5dpl_sample3_MAX_C1.tif,Hoechst,ROI Area,0,0,Hoechst,Sym_HS,5dpl,
6,0.426,SH_5dpl_sample3_MAX_C1.tif,SH_5dpl_sample3_MAX_C4.tif,Second,Threshold Area,0.06,14.18,EdU,Sym_HS,5dpl,
7,0.426,SH_5dpl_sample3_MAX_C1.tif,SH_5dpl_sample3_MAX_C1.tif,Hoechst,ROI Area,0,0,Hoechst,Sym_HS,5dpl,
8,0.426,SH_5dpl_sample3_MAX_C1.tif,SH_5dpl_sample3_MAX_C3.tif,Second,Threshold Area,0.007,1.76,Caspase,Sym_HS,5dpl,
9,0.409,SH_5dpl_sample4_MAX_C1.tif,SH_5dpl_sample4_MAX_C1.tif,Hoechst,ROI Area,0,0,Hoechst,Sym_HS,5dpl,
10,0.409,SH_5dpl_sample4_MAX_C1.tif,SH_5dpl_sample4_MAX_C4.tif,Second,Threshold Area,0.034,8.203,EdU,Sym_HS,5dpl,
11,0.409,SH_5dpl_sample4_MAX_C1.tif,SH_5dpl_sample4_MAX_C1.tif,Hoechst,ROI Area,0,0,Hoechst,Sym_HS,5dpl,
12,0.409,SH_5dpl_sample4_MAX_C1.tif,SH_5dpl_sample4_MAX_C3.tif,Second,Threshold Area,0.042,10.303,Caspase,Sym_HS,5dpl,
13,0.401,SH_5dpl_sample5_MAX_C1.tif,SH_5dpl_sample5_MAX_C1.tif,Hoechst,ROI Area,0,0,Hoechst,Sym_HS,5dpl,
14,0.401,SH_5dpl_sample5_MAX_C1.tif,SH_5dpl_sample5_MAX_C4.tif,Second,Threshold Area,0.026,6.555,EdU,Sym_HS,5dpl,
15,0.401,SH_5dpl_sample5_MAX_C1.tif,SH_5dpl_sample5_MAX_C1.tif,Hoechst,ROI Area,0,0,Hoechst,Sym_HS,5dpl,
16,0.401,SH_5dpl_sample5_MAX_C1.tif,SH_5dpl_sample5_MAX_C3.tif,Second,Threshold Area,0.008,2.039,Caspase,Sym_HS,5dpl,
17,0.467,SH_5dpl_sample6_MAX_C1.tif,SH_5dpl_sample6_MAX_C1.tif,Hoechst,ROI Area,0,0,Hoechst,Sym_HS,5dpl,
18,0.467,SH_5dpl_sample6_MAX_C1.tif,SH_5dpl_sample6_MAX_C4.tif,Second,Threshold Area,0.018,3.932,EdU,Sym_HS,5dpl,
19,0.467,SH_5dpl_sample6_MAX_C1.tif,SH_5dpl_sample6_MAX_C1.tif,Hoechst,ROI Area,0,0,Hoechst,Sym_HS,5dpl,
20,0.467,SH_5dpl_sample6_MAX_C1.tif,SH_5dpl_sample6_MAX_C3.tif,Second,Threshold Area,0.041,8.675,Caspase,Sym_HS,5dpl,
21,0.279,SH_8dpl_sample1_MAX_C1.tif,SH_8dpl_sample1_MAX_C1.tif,Hoechst,ROI Area,0,0,Hoechst,Sym_HS,8dpl,
22,0.279,SH_8dpl_sample1_MAX_C1.tif,SH_8dpl_sample1_MAX_C4.tif,Second,Threshold Area,0.036,12.974,EdU,Sym_HS,8dpl,
23,0.279,SH_8dpl_sample1_MAX_C1.tif,SH_8dpl_sample1_MAX_C1.tif,Hoechst,ROI Area,0,0,Hoechst,Sym_HS,8dpl,
24,0.279,SH_8dpl_sample1_MAX_C1.tif,SH_8dpl_sample1_MAX_C3.tif,Second,Threshold Area,0.002,0.639,Caspase,Sym_HS,8dpl,
25,0.313,SH_8dpl_sample2_MAX_C1.tif,SH_8dpl_sample2_MAX_C1.tif,Hoechst,ROI Area,0,0,Hoechst,Sym_HS,8dpl,
26,0.313,SH_8dpl_sample2_MAX_C1.tif,SH_8dpl_sample2_MAX_C4.tif,Second,Threshold Area,0.006,1.815,EdU,Sym_HS,8dpl,
27,0.313,SH_8dpl_sample2_MAX_C1.tif,SH_8dpl_sample2_MAX_C1.tif,Hoechst,ROI Area,0,0,Hoechst,Sym_HS,8dpl,
28,0.313,SH_8dpl_sample2_MAX_C1.tif,SH_8dpl_sample2_MAX_C3.tif,Second,Threshold Area,5.93E-04,0.189,Caspase,Sym_HS,8dpl,
29,0.193,SH_8dpl_sample2_MAX_C1.tif,SH_8dpl_sample2_MAX_C1.tif,Hoechst,ROI Area,0,0,Hoechst,Sym_HS,8dpl,
30,0.193,SH_8dpl_sample2_MAX_C1.tif,SH_8dpl_sample2_MAX_C4.tif,Second,Threshold Area,0.005,2.846,EdU,Sym_HS,8dpl,
31,0.193,SH_8dpl_sample2_MAX_C1.tif,SH_8dpl_sample2_MAX_C1.tif,Hoechst,ROI Area,0,0,Hoechst,Sym_HS,8dpl,
32,0.193,SH_8dpl_sample2_MAX_C1.tif,SH_8dpl_sample2_MAX_C3.tif,Second,Threshold Area,5.19E-04,0.269,Caspase,Sym_HS,8dpl,
33,0.083,SH_8dpl_sample2_side_MAX_C1.tif,SH_8dpl_sample2_side_MAX_C1.tif,Hoechst,ROI Area,0,0,Hoechst,Sym_HS,8dpl,BAD
34,0.083,SH_8dpl_sample2_side_MAX_C1.tif,SH_8dpl_sample2_side_MAX_C3.tif,Second,Threshold Area,3.23E-05,0.039,Caspase,Sym_HS,8dpl,BAD
35,0.083,SH_8dpl_sample2_side_MAX_C1.tif,SH_8dpl_sample2_side_MAX_C1.tif,Hoechst,ROI Area,0,0,Hoechst,Sym_HS,8dpl,BAD
36,0.083,SH_8dpl_sample2_side_MAX_C1.tif,SH_8dpl_sample2_side_MAX_C4.tif,Second,Threshold Area,7.59E-05,0.092,EdU,Sym_HS,8dpl,BAD
1,0.333,SH_8dpl_sample3_MAX_C1.tif,SH_8dpl_sample3_MAX_C1.tif,Hoechst,ROI Area,0,0,Hoechst,Sym_HS,8dpl,"Big sample, low signal"
2,0.333,SH_8dpl_sample3_MAX_C1.tif,SH_8dpl_sample3_MAX_C4.tif,Second,Threshold Area,3.38E-04,0.102,EdU,Sym_HS,8dpl,"Big sample, low signal"
3,0.333,SH_8dpl_sample3_MAX_C1.tif,SH_8dpl_sample3_MAX_C1.tif,Hoechst,ROI Area,0,0,Hoechst,Sym_HS,8dpl,"Big sample, low signal"
4,0.333,SH_8dpl_sample3_MAX_C1.tif,SH_8dpl_sample3_MAX_C3.tif,Second,Threshold Area,1.36E-04,0.041,Caspase,Sym_HS,8dpl,"Big sample, low signal"
5,0.517,SH_8dpl_sample4_MAX_C1.tif,SH_8dpl_sample4_MAX_C1.tif,Hoechst,ROI Area,0,0,Hoechst,Sym_HS,8dpl,
6,0.517,SH_8dpl_sample4_MAX_C1.tif,SH_8dpl_sample4_MAX_C4.tif,Second,Threshold Area,0.021,4.029,EdU,Sym_HS,8dpl,
7,0.517,SH_8dpl_sample4_MAX_C1.tif,SH_8dpl_sample4_MAX_C1.tif,Hoechst,ROI Area,0,0,Hoechst,Sym_HS,8dpl,
8,0.517,SH_8dpl_sample4_MAX_C1.tif,SH_8dpl_sample4_MAX_C3.tif,Second,Threshold Area,0.016,3.154,Caspase,Sym_HS,8dpl,
9,0.32,SH_8dpl_sample5_MAX_C1.tif,SH_8dpl_sample5_MAX_C1.tif,Hoechst,ROI Area,0,0,Hoechst,Sym_HS,8dpl,
10,0.32,SH_8dpl_sample5_MAX_C1.tif,SH_8dpl_sample5_MAX_C4.tif,Second,Threshold Area,0.051,15.826,EdU,Sym_HS,8dpl,
11,0.32,SH_8dpl_sample5_MAX_C1.tif,SH_8dpl_sample5_MAX_C1.tif,Hoechst,ROI Area,0,0,Hoechst,Sym_HS,8dpl,
12,0.32,SH_8dpl_sample5_MAX_C1.tif,SH_8dpl_sample5_MAX_C3.tif,Second,Threshold Area,0.004,1.338,Caspase,Sym_HS,8dpl,
13,0.336,SH_8dpl_sample6_MAX_C1.tif,SH_8dpl_sample6_MAX_C1.tif,Hoechst,ROI Area,0,0,Hoechst,Sym_HS,8dpl,
14,0.336,SH_8dpl_sample6_MAX_C1.tif,SH_8dpl_sample6_MAX_C4.tif,Second,Threshold Area,0.004,1.272,EdU,Sym_HS,8dpl,
15,0.336,SH_8dpl_sample6_MAX_C1.tif,SH_8dpl_sample6_MAX_C1.tif,Hoechst,ROI Area,0,0,Hoechst,Sym_HS,8dpl,
16,0.336,SH_8dpl_sample6_MAX_C1.tif,SH_8dpl_sample6_MAX_C3.tif,Second,Threshold Area,0.008,2.274,Caspase,Sym_HS,8dpl,
1,0.614,AC_2dpl_sample1_MAX_C1.tif,AC_2dpl_sample1_MAX_C1.tif,Hoechst,ROI Area,0,0,Hoechst,Apo_Control,2dpl,
2,0.614,AC_2dpl_sample1_MAX_C1.tif,AC_2dpl_sample1_MAX_C4.tif,Second,Threshold Area,0.004,0.717,EdU,Apo_Control,2dpl,
3,0.614,AC_2dpl_sample1_MAX_C1.tif,AC_2dpl_sample1_MAX_C1.tif,Hoechst,ROI Area,0,0,Hoechst,Apo_Control,2dpl,
4,0.614,AC_2dpl_sample1_MAX_C1.tif,AC_2dpl_sample1_MAX_C3.tif,Second,Threshold Area,0.012,1.978,Caspase,Apo_Control,2dpl,
5,0.086,AC_2dpl_sample2_MAX_C1.tif,AC_2dpl_sample2_MAX_C1.tif,Hoechst,ROI Area,0,0,Hoechst,Apo_Control,2dpl,
6,0.086,AC_2dpl_sample2_MAX_C1.tif,AC_2dpl_sample2_MAX_C4.tif,Second,Threshold Area,0.001,1.649,EdU,Apo_Control,2dpl,
7,0.086,AC_2dpl_sample2_MAX_C1.tif,AC_2dpl_sample2_MAX_C1.tif,Hoechst,ROI Area,0,0,Hoechst,Apo_Control,2dpl,
8,0.086,AC_2dpl_sample2_MAX_C1.tif,AC_2dpl_sample2_MAX_C3.tif,Second,Threshold Area,0.005,6.036,Caspase,Apo_Control,2dpl,
9,0.057,AC_2dpl_sample3_MAX_C1.tif,AC_2dpl_sample3_MAX_C1.tif,Hoechst,ROI Area,0,0,Hoechst,Apo_Control,2dpl,
10,0.057,AC_2dpl_sample3_MAX_C1.tif,AC_2dpl_sample3_MAX_C4.tif,Second,Threshold Area,4.75E-04,0.828,EdU,Apo_Control,2dpl,
11,0.057,AC_2dpl_sample3_MAX_C1.tif,AC_2dpl_sample3_MAX_C1.tif,Hoechst,ROI Area,0,0,Hoechst,Apo_Control,2dpl,
12,0.057,AC_2dpl_sample3_MAX_C1.tif,AC_2dpl_sample3_MAX_C3.tif,Second,Threshold Area,0.021,37.387,Caspase,Apo_Control,2dpl,
13,0.106,AC_5dpl_sample1_MAX_C1.tif,AC_5dpl_sample1_MAX_C1.tif,Hoechst,ROI Area,0,0,Hoechst,Apo_Control,5dpl,
14,0.106,AC_5dpl_sample1_MAX_C1.tif,AC_5dpl_sample1_MAX_C4.tif,Second,Threshold Area,0.011,10.54,EdU,Apo_Control,5dpl,
15,0.106,AC_5dpl_sample1_MAX_C1.tif,AC_5dpl_sample1_MAX_C1.tif,Hoechst,ROI Area,0,0,Hoechst,Apo_Control,5dpl,
16,0.106,AC_5dpl_sample1_MAX_C1.tif,AC_5dpl_sample1_MAX_C3.tif,Second,Threshold Area,0.007,6.408,Caspase,Apo_Control,5dpl,
17,0.08,AC_5dpl_sample2_MAX_C1.tif,AC_5dpl_sample2_MAX_C1.tif,Hoechst,ROI Area,0,0,Hoechst,Apo_Control,5dpl,
18,0.08,AC_5dpl_sample2_MAX_C1.tif,AC_5dpl_sample2_MAX_C4.tif,Second,Threshold Area,0.002,1.889,EdU,Apo_Control,5dpl,
19,0.08,AC_5dpl_sample2_MAX_C1.tif,AC_5dpl_sample2_MAX_C1.tif,Hoechst,ROI Area,0,0,Hoechst,Apo_Control,5dpl,
20,0.08,AC_5dpl_sample2_MAX_C1.tif,AC_5dpl_sample2_MAX_C3.tif,Second,Threshold Area,0.012,14.383,Caspase,Apo_Control,5dpl,
21,0.14,AC_5dpl_sample2_trash_MAX_C1.tif,AC_5dpl_sample2_trash_MAX_C1.tif,Hoechst,ROI Area,0,0,Hoechst,Sym_HS,5dpl,
22,0.14,AC_5dpl_sample2_trash_MAX_C1.tif,AC_5dpl_sample2_trash_MAX_C4.tif,Second,Threshold Area,8.10E-04,0.58,EdU,Sym_HS,5dpl,
23,0.14,AC_5dpl_sample2_trash_MAX_C1.tif,AC_5dpl_sample2_trash_MAX_C1.tif,Hoechst,ROI Area,0,0,Hoechst,Sym_HS,5dpl,
24,0.14,AC_5dpl_sample2_trash_MAX_C1.tif,AC_5dpl_sample2_trash_MAX_C3.tif,Second,Threshold Area,0.01,7.04,Caspase,Sym_HS,5dpl,
25,0.086,AC_5dpl_sample3_MAX_C1.tif,AC_5dpl_sample3_MAX_C1.tif,Hoechst,ROI Area,0,0,Hoechst,Apo_Control,5dpl,
26,0.086,AC_5dpl_sample3_MAX_C1.tif,AC_5dpl_sample3_MAX_C4.tif,Second,Threshold Area,0.005,5.581,EdU,Apo_Control,5dpl,
27,0.086,AC_5dpl_sample3_MAX_C3.tif,AC_5dpl_sample3_MAX_C3.tif,Hoechst,ROI Area,0,0,Caspase,Apo_Control,5dpl,
28,0.086,AC_5dpl_sample3_MAX_C3.tif,AC_5dpl_sample3_MAX_C3.tif,Second,Threshold Area,3.23E-05,0.037,Caspase,Apo_Control,5dpl,
29,0.207,AC_8dpl_sample1_MAX_C1.tif,AC_8dpl_sample1_MAX_C1.tif,Hoechst,ROI Area,0,0,Hoechst,Apo_Control,8dpl,
30,0.207,AC_8dpl_sample1_MAX_C1.tif,AC_8dpl_sample1_MAX_C4.tif,Second,Threshold Area,0.021,10.185,EdU,Apo_Control,8dpl,
31,0.207,AC_8dpl_sample1_MAX_C1.tif,AC_8dpl_sample1_MAX_C1.tif,Hoechst,ROI Area,0,0,Hoechst,Apo_Control,8dpl,
32,0.207,AC_8dpl_sample1_MAX_C1.tif,AC_8dpl_sample1_MAX_C3.tif,Second,Threshold Area,0.011,5.502,Caspase,Apo_Control,8dpl,
33,0.106,AC_8dpl_sample2_MAX_C1.tif,AC_8dpl_sample2_MAX_C1.tif,Hoechst,ROI Area,0,0,Hoechst,Apo_Control,8dpl,
34,0.106,AC_8dpl_sample2_MAX_C1.tif,AC_8dpl_sample2_MAX_C4.tif,Second,Threshold Area,0.009,8.3,EdU,Apo_Control,8dpl,
35,0.106,AC_8dpl_sample2_MAX_C1.tif,AC_8dpl_sample2_MAX_C1.tif,Hoechst,ROI Area,0,0,Hoechst,Apo_Control,8dpl,
36,0.106,AC_8dpl_sample2_MAX_C1.tif,AC_8dpl_sample2_MAX_C3.tif,Second,Threshold Area,0.011,10.831,Caspase,Apo_Control,8dpl,
37,0.081,AC_8dpl_sample3_MAX_C1.tif,AC_8dpl_sample3_MAX_C1.tif,Hoechst,ROI Area,0,0,Hoechst,Apo_Control,8dpl,
38,0.081,AC_8dpl_sample3_MAX_C1.tif,AC_8dpl_sample3_MAX_C4.tif,Second,Threshold Area,0.006,6.936,EdU,Apo_Control,8dpl,
39,0.081,AC_8dpl_sample3_MAX_C1.tif,AC_8dpl_sample3_MAX_C1.tif,Hoechst,ROI Area,0,0,Hoechst,Apo_Control,8dpl,
40,0.081,AC_8dpl_sample3_MAX_C1.tif,AC_8dpl_sample3_MAX_C3.tif,Second,Threshold Area,0.012,14.939,Caspase,Apo_Control,8dpl,
41,0.102,AC_8dpl_sample4_MAX_C1.tif,AC_8dpl_sample4_MAX_C1.tif,Hoechst,ROI Area,0,0,Hoechst,Apo_Control,8dpl,
42,0.102,AC_8dpl_sample4_MAX_C1.tif,AC_8dpl_sample4_MAX_C4.tif,Second,Threshold Area,0.009,8.586,EdU,Apo_Control,8dpl,
43,0.102,AC_8dpl_sample4_MAX_C3.tif,AC_8dpl_sample4_MAX_C3.tif,Hoechst,ROI Area,0,0,Caspase,Apo_Control,8dpl,
44,0.102,AC_8dpl_sample4_MAX_C3.tif,AC_8dpl_sample4_MAX_C3.tif,Second,Threshold Area,0.004,3.799,Caspase,Apo_Control,8dpl,
45,0.152,AC_8dpl_sample5_MAX_C1.tif,AC_8dpl_sample5_MAX_C1.tif,Hoechst,ROI Area,0,0,Hoechst,Apo_Control,8dpl,
46,0.152,AC_8dpl_sample5_MAX_C1.tif,AC_8dpl_sample5_MAX_C4.tif,Second,Threshold Area,0.015,10.163,EdU,Apo_Control,8dpl,
47,0.152,AC_8dpl_sample5_MAX_C1.tif,AC_8dpl_sample5_MAX_C1.tif,Hoechst,ROI Area,0,0,Hoechst,Apo_Control,8dpl,
48,0.152,AC_8dpl_sample5_MAX_C1.tif,AC_8dpl_sample5_MAX_C3.tif,Second,Threshold Area,0.032,21.251,Caspase,Apo_Control,8dpl,
49,0.085,AC_14dpl_sample1_MAX_C1.tif,AC_14dpl_sample1_MAX_C1.tif,Hoechst,ROI Area,0,0,Hoechst,Apo_Control,14dpl,
50,0.085,AC_14dpl_sample1_MAX_C1.tif,AC_14dpl_sample1_MAX_C4.tif,Second,Threshold Area,0.008,8.833,EdU,Apo_Control,14dpl,
51,0.085,AC_14dpl_sample1_MAX_C1.tif,AC_14dpl_sample1_MAX_C1.tif,Hoechst,ROI Area,0,0,Hoechst,Apo_Control,14dpl,
52,0.085,AC_14dpl_sample1_MAX_C1.tif,AC_14dpl_sample1_MAX_C3.tif,Second,Threshold Area,0.004,4.312,Caspase,Apo_Control,14dpl,
53,0.206,AC_14dpl_sample2_MAX_C1.tif,AC_14dpl_sample2_MAX_C1.tif,Hoechst,ROI Area,0,0,Hoechst,Apo_Control,14dpl,
54,0.206,AC_14dpl_sample2_MAX_C1.tif,AC_14dpl_sample2_MAX_C4.tif,Second,Threshold Area,0.013,6.294,EdU,Apo_Control,14dpl,
55,0.206,AC_14dpl_sample2_MAX_C1.tif,AC_14dpl_sample2_MAX_C1.tif,Hoechst,ROI Area,0,0,Hoechst,Apo_Control,14dpl,
56,0.206,AC_14dpl_sample2_MAX_C1.tif,AC_14dpl_sample2_MAX_C3.tif,Second,Threshold Area,0.011,5.548,Caspase,Apo_Control,14dpl,
57,0.178,AC_14dpl_sample3_MAX_C1.tif,AC_14dpl_sample3_MAX_C1.tif,Hoechst,ROI Area,0,0,Hoechst,Apo_Control,14dpl,
58,0.178,AC_14dpl_sample3_MAX_C1.tif,AC_14dpl_sample3_MAX_C4.tif,Second,Threshold Area,0.009,5.297,EdU,Apo_Control,14dpl,
59,0.178,AC_14dpl_sample3_MAX_C1.tif,AC_14dpl_sample3_MAX_C1.tif,Hoechst,ROI Area,0,0,Hoechst,Apo_Control,14dpl,
60,0.178,AC_14dpl_sample3_MAX_C1.tif,AC_14dpl_sample3_MAX_C3.tif,Second,Threshold Area,0.008,4.5,Caspase,Apo_Control,14dpl,
61,0.092,AH_2dpl_sample1_MAX_C1.tif,AH_2dpl_sample1_MAX_C1.tif,Hoechst,ROI Area,0,0,Hoechst,Apo_HS,2dpl,
62,0.092,AH_2dpl_sample1_MAX_C1.tif,AH_2dpl_sample1_MAX_C4.tif,Second,Threshold Area,0.015,15.826,EdU,Apo_HS,2dpl,
63,0.092,AH_2dpl_sample1_MAX_C1.tif,AH_2dpl_sample1_MAX_C1.tif,Hoechst,ROI Area,0,0,Hoechst,Apo_HS,2dpl,
64,0.092,AH_2dpl_sample1_MAX_C1.tif,AH_2dpl_sample1_MAX_C3.tif,Second,Threshold Area,0.025,27.33,Caspase,Apo_HS,2dpl,
65,0.107,AH_2dpl_sample2_MAX_C1.tif,AH_2dpl_sample2_MAX_C1.tif,Hoechst,ROI Area,0,0,Hoechst,Apo_HS,2dpl,
66,0.107,AH_2dpl_sample2_MAX_C1.tif,AH_2dpl_sample2_MAX_C4.tif,Second,Threshold Area,0.012,11.482,EdU,Apo_HS,2dpl,
67,0.107,AH_2dpl_sample2_MAX_C1.tif,AH_2dpl_sample2_MAX_C1.tif,Hoechst,ROI Area,0,0,Hoechst,Apo_HS,2dpl,
68,0.107,AH_2dpl_sample2_MAX_C1.tif,AH_2dpl_sample2_MAX_C3.tif,Second,Threshold Area,0.018,16.539,Caspase,Apo_HS,2dpl,
69,0.056,AH_2dpl_sample3_MAX_C1.tif,AH_2dpl_sample3_MAX_C1.tif,Hoechst,ROI Area,0,0,Hoechst,Apo_HS,2dpl,
70,0.056,AH_2dpl_sample3_MAX_C1.tif,AH_2dpl_sample3_MAX_C4.tif,Second,Threshold Area,0.008,13.616,EdU,Apo_HS,2dpl,
71,0.056,AH_2dpl_sample3_MAX_C1.tif,AH_2dpl_sample3_MAX_C1.tif,Hoechst,ROI Area,0,0,Hoechst,Apo_HS,2dpl,
72,0.056,AH_2dpl_sample3_MAX_C1.tif,AH_2dpl_sample3_MAX_C3.tif,Second,Threshold Area,0.016,29.083,Caspase,Apo_HS,2dpl,
73,0.112,AH_2dpl_sample4_MAX_C1.tif,AH_2dpl_sample4_MAX_C1.tif,Hoechst,ROI Area,0,0,Hoechst,Apo_HS,2dpl,
74,0.112,AH_2dpl_sample4_MAX_C1.tif,AH_2dpl_sample4_MAX_C4.tif,Second,Threshold Area,0.007,6.113,EdU,Apo_HS,2dpl,
75,0.112,AH_2dpl_sample4_MAX_C1.tif,AH_2dpl_sample4_MAX_C1.tif,Hoechst,ROI Area,0,0,Hoechst,Apo_HS,2dpl,
76,0.112,AH_2dpl_sample4_MAX_C1.tif,AH_2dpl_sample4_MAX_C3.tif,Second,Threshold Area,0.005,4.414,Caspase,Apo_HS,2dpl,
77,0.043,AH_2dpl_sample5_MAX_C1.tif,AH_2dpl_sample5_MAX_C1.tif,Hoechst,ROI Area,0,0,Hoechst,Apo_HS,2dpl,
78,0.043,AH_2dpl_sample5_MAX_C1.tif,AH_2dpl_sample5_MAX_C4.tif,Second,Threshold Area,0.007,15.953,EdU,Apo_HS,2dpl,
79,0.043,AH_2dpl_sample5_MAX_C1.tif,AH_2dpl_sample5_MAX_C1.tif,Hoechst,ROI Area,0,0,Hoechst,Apo_HS,2dpl,
80,0.043,AH_2dpl_sample5_MAX_C1.tif,AH_2dpl_sample5_MAX_C3.tif,Second,Threshold Area,0.002,3.667,Caspase,Apo_HS,2dpl,
81,0.195,AH_2dpl_sample6_MAX_C1.tif,AH_2dpl_sample6_MAX_C1.tif,Hoechst,ROI Area,0,0,Hoechst,Apo_HS,2dpl,
82,0.195,AH_2dpl_sample6_MAX_C1.tif,AH_2dpl_sample6_MAX_C4.tif,Second,Threshold Area,0.015,7.64,EdU,Apo_HS,2dpl,
83,0.195,AH_2dpl_sample6_MAX_C1.tif,AH_2dpl_sample6_MAX_C1.tif,Hoechst,ROI Area,0,0,Hoechst,Apo_HS,2dpl,
84,0.195,AH_2dpl_sample6_MAX_C1.tif,AH_2dpl_sample6_MAX_C3.tif,Second,Threshold Area,0.044,22.778,Caspase,Apo_HS,2dpl,
1,0.128,AH_5dpl_sample1_MAX_C1.tif,AH_5dpl_sample1_MAX_C1.tif,Hoechst,ROI Area,0,0,Hoechst,Apo_HS,5dpl,
2,0.128,AH_5dpl_sample1_MAX_C1.tif,AH_5dpl_sample1_MAX_C4.tif,Second,Threshold Area,0.018,14.287,EdU,Apo_HS,5dpl,
3,0.128,AH_5dpl_sample1_MAX_C1.tif,AH_5dpl_sample1_MAX_C1.tif,Hoechst,ROI Area,0,0,Hoechst,Apo_HS,5dpl,
4,0.128,AH_5dpl_sample1_MAX_C1.tif,AH_5dpl_sample1_MAX_C3.tif,Second,Threshold Area,0.019,14.98,Caspase,Apo_HS,5dpl,
5,0.136,AH_5dpl_sample2_MAX_C1.tif,AH_5dpl_sample2_MAX_C1.tif,Hoechst,ROI Area,0,0,Hoechst,Apo_HS,5dpl,
6,0.136,AH_5dpl_sample2_MAX_C1.tif,AH_5dpl_sample2_MAX_C4.tif,Second,Threshold Area,0.031,23.037,EdU,Apo_HS,5dpl,
7,0.136,AH_5dpl_sample2_MAX_C1.tif,AH_5dpl_sample2_MAX_C1.tif,Hoechst,ROI Area,0,0,Hoechst,Apo_HS,5dpl,
8,0.136,AH_5dpl_sample2_MAX_C1.tif,AH_5dpl_sample2_MAX_C3.tif,Second,Threshold Area,0.006,4.407,Caspase,Apo_HS,5dpl,
9,0.455,AH_5dpl_sample3_MAX_C1.tif,AH_5dpl_sample3_MAX_C1.tif,Hoechst,ROI Area,0,0,Hoechst,Apo_HS,5dpl,
10,0.455,AH_5dpl_sample3_MAX_C1.tif,AH_5dpl_sample3_MAX_C4.tif,Second,Threshold Area,0.002,0.381,EdU,Apo_HS,5dpl,
11,0.455,AH_5dpl_sample3_MAX_C1.tif,AH_5dpl_sample3_MAX_C1.tif,Hoechst,ROI Area,0,0,Hoechst,Apo_HS,5dpl,
12,0.455,AH_5dpl_sample3_MAX_C1.tif,AH_5dpl_sample3_MAX_C3.tif,Second,Threshold Area,0.004,0.847,Caspase,Apo_HS,5dpl,
13,0.224,AH_5dpl_sample4_MAX_C1.tif,AH_5dpl_sample4_MAX_C1.tif,Hoechst,ROI Area,0,0,Hoechst,Apo_HS,5dpl,
14,0.224,AH_5dpl_sample4_MAX_C1.tif,AH_5dpl_sample4_MAX_C4.tif,Second,Threshold Area,0.019,8.659,EdU,Apo_HS,5dpl,
15,0.224,AH_5dpl_sample4_MAX_C1.tif,AH_5dpl_sample4_MAX_C1.tif,Hoechst,ROI Area,0,0,Hoechst,Apo_HS,5dpl,
16,0.224,AH_5dpl_sample4_MAX_C1.tif,AH_5dpl_sample4_MAX_C3.tif,Second,Threshold Area,0.023,10.3,Caspase,Apo_HS,5dpl,
17,0.097,AH_5dpl_sample5_MAX_C1.tif,AH_5dpl_sample5_MAX_C1.tif,Hoechst,ROI Area,0,0,Hoechst,Apo_HS,5dpl,
18,0.097,AH_5dpl_sample5_MAX_C1.tif,AH_5dpl_sample5_MAX_C4.tif,Second,Threshold Area,0.002,1.973,EdU,Apo_HS,5dpl,
19,0.097,AH_5dpl_sample5_MAX_C1.tif,AH_5dpl_sample5_MAX_C1.tif,Hoechst,ROI Area,0,0,Hoechst,Apo_HS,5dpl,
20,0.097,AH_5dpl_sample5_MAX_C1.tif,AH_5dpl_sample5_MAX_C3.tif,Second,Threshold Area,0.001,1.404,Caspase,Apo_HS,5dpl,
21,0.138,AH_8dpl_sample1_MAX_C1.tif,AH_8dpl_sample1_MAX_C1.tif,Hoechst,ROI Area,0,0,Hoechst,Apo_HS,8dpl,
22,0.138,AH_8dpl_sample1_MAX_C1.tif,AH_8dpl_sample1_MAX_C4.tif,Second,Threshold Area,0.009,6.838,EdU,Apo_HS,8dpl,
23,0.138,AH_8dpl_sample1_MAX_C1.tif,AH_8dpl_sample1_MAX_C1.tif,Hoechst,ROI Area,0,0,Hoechst,Apo_HS,8dpl,
24,0.138,AH_8dpl_sample1_MAX_C1.tif,AH_8dpl_sample1_MAX_C3.tif,Second,Threshold Area,0.021,15.164,Caspase,Apo_HS,8dpl,
25,0.25,AH_8dpl_sample2_MAX_C1.tif,AH_8dpl_sample2_MAX_C1.tif,Hoechst,ROI Area,0,0,Hoechst,Apo_HS,8dpl,
26,0.25,AH_8dpl_sample2_MAX_C1.tif,AH_8dpl_sample2_MAX_C4.tif,Second,Threshold Area,0.014,5.645,EdU,Apo_HS,8dpl,
27,0.25,AH_8dpl_sample2_MAX_C1.tif,AH_8dpl_sample2_MAX_C1.tif,Hoechst,ROI Area,0,0,Hoechst,Apo_HS,8dpl,
28,0.25,AH_8dpl_sample2_MAX_C1.tif,AH_8dpl_sample2_MAX_C3.tif,Second,Threshold Area,0.012,4.739,Caspase,Apo_HS,8dpl,
29,0.103,AH_8dpl_sample3_MAX_C1.tif,AH_8dpl_sample3_MAX_C1.tif,Hoechst,ROI Area,0,0,Hoechst,Apo_HS,8dpl,
30,0.103,AH_8dpl_sample3_MAX_C1.tif,AH_8dpl_sample3_MAX_C4.tif,Second,Threshold Area,0.003,3.055,EdU,Apo_HS,8dpl,
31,0.103,AH_8dpl_sample3_MAX_C1.tif,AH_8dpl_sample3_MAX_C1.tif,Hoechst,ROI Area,0,0,Hoechst,Apo_HS,8dpl,
32,0.103,AH_8dpl_sample3_MAX_C1.tif,AH_8dpl_sample3_MAX_C3.tif,Second,Threshold Area,0.004,3.471,Caspase,Apo_HS,8dpl,
33,0.04,AH_8dpl_sample3_MAX_C1-1.tif,AH_8dpl_sample3_MAX_C1-1.tif,Hoechst,ROI Area,0,0,Hoechst,Apo_HS,8dpl,
34,0.04,AH_8dpl_sample3_MAX_C1-1.tif,AH_8dpl_sample3_MAX_C4.tif,Second,Threshold Area,0.009,23.746,EdU,Apo_HS,8dpl,
35,0.04,AH_8dpl_sample3_MAX_C1-1.tif,AH_8dpl_sample3_MAX_C1-1.tif,Hoechst,ROI Area,0,0,Hoechst,Apo_HS,8dpl,Different anemone on side
36,0.04,AH_8dpl_sample3_MAX_C1-1.tif,AH_8dpl_sample3_MAX_C3.tif,Second,Threshold Area,3.47E-04,0.868,Caspase,Apo_HS,8dpl,Different anemone on side
1,0.063,AH_14dpl_sample1_MAX_C1.tif,AH_14dpl_sample1_MAX_C1.tif,Hoechst,ROI Area,0,0,Hoechst,Apo_HS,14dpl,
2,0.063,AH_14dpl_sample1_MAX_C1.tif,AH_14dpl_sample1_MAX_C4.tif,Second,Threshold Area,0.008,12.385,EdU,Apo_HS,14dpl,
3,0.063,AH_14dpl_sample1_MAX_C1.tif,AH_14dpl_sample1_MAX_C1.tif,Hoechst,ROI Area,0,0,Hoechst,Apo_HS,14dpl,
4,0.063,AH_14dpl_sample1_MAX_C1.tif,AH_14dpl_sample1_MAX_C3.tif,Second,Threshold Area,0.012,19.667,Caspase,Apo_HS,14dpl,
5,0.181,AH_14dpl_sample2_MAX_C1.tif,AH_14dpl_sample2_MAX_C1.tif,Hoechst,ROI Area,0,0,Hoechst,Apo_HS,14dpl,
6,0.181,AH_14dpl_sample2_MAX_C1.tif,AH_14dpl_sample2_MAX_C4.tif,Second,Threshold Area,0.013,7.13,EdU,Apo_HS,14dpl,
7,0.181,AH_14dpl_sample2_MAX_C1.tif,AH_14dpl_sample2_MAX_C1.tif,Hoechst,ROI Area,0,0,Hoechst,Apo_HS,14dpl,
8,0.181,AH_14dpl_sample2_MAX_C1.tif,AH_14dpl_sample2_MAX_C3.tif,Second,Threshold Area,0.038,20.787,Caspase,Apo_HS,14dpl,
9,0.128,AH_14dpl_sample3_MAX_C1.tif,AH_14dpl_sample3_MAX_C1.tif,Hoechst,ROI Area,0,0,Hoechst,Apo_HS,14dpl,
10,0.128,AH_14dpl_sample3_MAX_C1.tif,AH_14dpl_sample3_MAX_C4.tif,Second,Threshold Area,0.016,12.802,EdU,Apo_HS,14dpl,
11,0.128,AH_14dpl_sample3_MAX_C1.tif,AH_14dpl_sample3_MAX_C1.tif,Hoechst,ROI Area,0,0,Hoechst,Apo_HS,14dpl,
12,0.128,AH_14dpl_sample3_MAX_C1.tif,AH_14dpl_sample3_MAX_C3.tif,Second,Threshold Area,0.031,24.001,Caspase,Apo_HS,14dpl,
1,0.152,IC_5dpl_sample1_MAX_C1.tif,IC_5dpl_sample1_MAX_C1.tif,Hoechst,ROI Area,0,0,Hoechst,Inoc_Control,5dpl,
2,0.152,IC_5dpl_sample1_MAX_C1.tif,IC_5dpl_sample1_MAX_C4.tif,Second,Threshold Area,0.012,7.993,EdU,Inoc_Control,5dpl,
3,0.152,IC_5dpl_sample1_MAX_C1.tif,IC_5dpl_sample1_MAX_C1.tif,Hoechst,ROI Area,0,0,Hoechst,Inoc_Control,5dpl,
4,0.152,IC_5dpl_sample1_MAX_C1.tif,IC_5dpl_sample1_MAX_C3.tif,Second,Threshold Area,0.021,13.985,Caspase,Inoc_Control,5dpl,
5,0.135,IC_5dpl_sample2_MAX_C1.tif,IC_5dpl_sample2_MAX_C1.tif,Hoechst,ROI Area,0,0,Hoechst,Inoc_Control,5dpl,
6,0.135,IC_5dpl_sample2_MAX_C1.tif,IC_5dpl_sample2_MAX_C4.tif,Second,Threshold Area,0.028,20.605,EdU,Inoc_Control,5dpl,
7,0.135,IC_5dpl_sample2_MAX_C1.tif,IC_5dpl_sample2_MAX_C1.tif,Hoechst,ROI Area,0,0,Hoechst,Inoc_Control,5dpl,
8,0.135,IC_5dpl_sample2_MAX_C1.tif,IC_5dpl_sample2_MAX_C3.tif,Second,Threshold Area,0.015,11.441,Caspase,Inoc_Control,5dpl,
9,0.087,IC_5dpl_sample3_MAX_C1.tif,IC_5dpl_sample3_MAX_C1.tif,Hoechst,ROI Area,0,0,Hoechst,Inoc_Control,5dpl,
10,0.087,IC_5dpl_sample3_MAX_C1.tif,IC_5dpl_sample3_MAX_C4.tif,Second,Threshold Area,0.014,15.729,EdU,Inoc_Control,5dpl,
11,0.087,IC_5dpl_sample3_MAX_C1.tif,IC_5dpl_sample3_MAX_C1.tif,Hoechst,ROI Area,0,0,Hoechst,Inoc_Control,5dpl,
12,0.087,IC_5dpl_sample3_MAX_C1.tif,IC_5dpl_sample3_MAX_C3.tif,Second,Threshold Area,0.011,13.161,Caspase,Inoc_Control,5dpl,
13,0.121,IC_5dpl_sample4_MAX_C1.tif,IC_5dpl_sample4_MAX_C1.tif,Hoechst,ROI Area,0,0,Hoechst,Inoc_Control,5dpl,
14,0.121,IC_5dpl_sample4_MAX_C1.tif,IC_5dpl_sample4_MAX_C4.tif,Second,Threshold Area,0.006,5.276,EdU,Inoc_Control,5dpl,
15,0.121,IC_5dpl_sample4_MAX_C1.tif,IC_5dpl_sample4_MAX_C1.tif,Hoechst,ROI Area,0,0,Hoechst,Inoc_Control,5dpl,
16,0.121,IC_5dpl_sample4_MAX_C1.tif,IC_5dpl_sample4_MAX_C3.tif,Second,Threshold Area,0.007,5.472,Caspase,Inoc_Control,5dpl,
17,0.153,IC_8dpl_sample1_MAX_C1.tif,IC_8dpl_sample1_MAX_C1.tif,Hoechst,ROI Area,0,0,Hoechst,Inoc_Control,8dpl,
18,0.153,IC_8dpl_sample1_MAX_C1.tif,IC_8dpl_sample1_MAX_C4.tif,Second,Threshold Area,0.017,10.813,EdU,Inoc_Control,8dpl,
19,0.153,IC_8dpl_sample1_MAX_C1.tif,IC_8dpl_sample1_MAX_C1.tif,Hoechst,ROI Area,0,0,Hoechst,Inoc_Control,8dpl,
20,0.153,IC_8dpl_sample1_MAX_C1.tif,IC_8dpl_sample1_MAX_C3.tif,Second,Threshold Area,0.017,10.802,Caspase,Inoc_Control,8dpl,
21,0.125,IC_8dpl_sample2_MAX_C1.tif,IC_8dpl_sample2_MAX_C1.tif,Hoechst,ROI Area,0,0,Hoechst,Inoc_Control,8dpl,
22,0.125,IC_8dpl_sample2_MAX_C1.tif,IC_8dpl_sample2_MAX_C4.tif,Second,Threshold Area,0.008,6.632,EdU,Inoc_Control,8dpl,
23,0.125,IC_8dpl_sample2_MAX_C1.tif,IC_8dpl_sample2_MAX_C1.tif,Hoechst,ROI Area,0,0,Hoechst,Inoc_Control,8dpl,
24,0.125,IC_8dpl_sample2_MAX_C1.tif,IC_8dpl_sample2_MAX_C3.tif,Second,Threshold Area,0.016,12.847,Caspase,Inoc_Control,8dpl,
25,0.109,IC_8dpl_sample3_MAX_C1.tif,IC_8dpl_sample3_MAX_C1.tif,Hoechst,ROI Area,0,0,Hoechst,Inoc_Control,8dpl,
26,0.109,IC_8dpl_sample3_MAX_C1.tif,IC_8dpl_sample3_MAX_C4.tif,Second,Threshold Area,0.019,17.567,EdU,Inoc_Control,8dpl,
27,0.109,IC_8dpl_sample3_MAX_C1.tif,IC_8dpl_sample3_MAX_C1.tif,Hoechst,ROI Area,0,0,Hoechst,Inoc_Control,8dpl,
28,0.109,IC_8dpl_sample3_MAX_C1.tif,IC_8dpl_sample3_MAX_C3.tif,Second,Threshold Area,0.026,24.016,Caspase,Inoc_Control,8dpl,
29,0.121,IC_8dpl_sample4_MAX_C1.tif,IC_8dpl_sample4_MAX_C1.tif,Hoechst,ROI Area,0,0,Hoechst,Inoc_Control,8dpl,
30,0.121,IC_8dpl_sample4_MAX_C1.tif,IC_8dpl_sample4_MAX_C4.tif,Second,Threshold Area,0.014,11.578,EdU,Inoc_Control,8dpl,
31,0.121,IC_8dpl_sample4_MAX_C1.tif,IC_8dpl_sample4_MAX_C1.tif,Hoechst,ROI Area,0,0,Hoechst,Inoc_Control,8dpl,
32,0.121,IC_8dpl_sample4_MAX_C1.tif,IC_8dpl_sample4_MAX_C3.tif,Second,Threshold Area,0.021,16.955,Caspase,Inoc_Control,8dpl,
33,0.052,IC_14dpl_sample1+2_MAX_C1.tif,IC_14dpl_sample1+2_MAX_C1.tif,Hoechst,ROI Area,0,0,Hoechst,Inoc_Control,14dpl,
34,0.052,IC_14dpl_sample1+2_MAX_C1.tif,IC_14dpl_sample1+2_MAX_C4.tif,Second,Threshold Area,4.68E-04,0.907,EdU,Inoc_Control,14dpl,
35,0.052,IC_14dpl_sample1+2_MAX_C1.tif,IC_14dpl_sample1+2_MAX_C1.tif,Hoechst,ROI Area,0,0,Hoechst,Inoc_Control,14dpl,
36,0.052,IC_14dpl_sample1+2_MAX_C1.tif,IC_14dpl_sample1+2_MAX_C3.tif,Second,Threshold Area,6.87E-05,0.133,Caspase,Inoc_Control,14dpl,
37,0.217,IC_14dpl_sample1+2_MAX_C1.tif,IC_14dpl_sample1+2_MAX_C1.tif,Hoechst,ROI Area,0,0,Hoechst,Inoc_Control,14dpl,
38,0.217,IC_14dpl_sample1+2_MAX_C1.tif,IC_14dpl_sample1+2_MAX_C4.tif,Second,Threshold Area,0.003,1.525,EdU,Inoc_Control,14dpl,
39,0.217,IC_14dpl_sample1+2_MAX_C1.tif,IC_14dpl_sample1+2_MAX_C1.tif,Hoechst,ROI Area,0,0,Hoechst,Inoc_Control,14dpl,
40,0.217,IC_14dpl_sample1+2_MAX_C1.tif,IC_14dpl_sample1+2_MAX_C3.tif,Second,Threshold Area,0.005,2.3,Caspase,Inoc_Control,14dpl,
41,0.143,IC_14dpl_sample3_MAX_C1.tif,IC_14dpl_sample3_MAX_C1.tif,Hoechst,ROI Area,0,0,Hoechst,Inoc_Control,14dpl,
42,0.143,IC_14dpl_sample3_MAX_C1.tif,IC_14dpl_sample3_MAX_C4.tif,Second,Threshold Area,0.002,1.456,EdU,Inoc_Control,14dpl,
43,0.143,IC_14dpl_sample3_MAX_C1.tif,IC_14dpl_sample3_MAX_C1.tif,Hoechst,ROI Area,0,0,Hoechst,Inoc_Control,14dpl,
44,0.143,IC_14dpl_sample3_MAX_C1.tif,IC_14dpl_sample3_MAX_C3.tif,Second,Threshold Area,5.69E-04,0.397,Caspase,Inoc_Control,14dpl,
45,0.241,IH_5dpl_sample1_MAX_C1.tif,IH_5dpl_sample1_MAX_C1.tif,Hoechst,ROI Area,0,0,Hoechst,Inoc_HS,5dpl,
46,0.241,IH_5dpl_sample1_MAX_C1.tif,IH_5dpl_sample1_MAX_C4.tif,Second,Threshold Area,0.036,14.93,EdU,Inoc_HS,5dpl,
47,0.241,IH_5dpl_sample1_MAX_C1.tif,IH_5dpl_sample1_MAX_C1.tif,Hoechst,ROI Area,0,0,Hoechst,Inoc_HS,5dpl,
48,0.241,IH_5dpl_sample1_MAX_C1.tif,IH_5dpl_sample1_MAX_C3.tif,Second,Threshold Area,0.04,16.39,Caspase,Inoc_HS,5dpl,
49,0.21,IH_5dpl_sample2_MAX_C1.tif,IH_5dpl_sample2_MAX_C1.tif,Hoechst,ROI Area,0,0,Hoechst,Inoc_HS,5dpl,
50,0.21,IH_5dpl_sample2_MAX_C1.tif,IH_5dpl_sample2_MAX_C4.tif,Second,Threshold Area,0.046,21.819,EdU,Inoc_HS,5dpl,
51,0.21,IH_5dpl_sample2_MAX_C3.tif,IH_5dpl_sample2_MAX_C3.tif,Hoechst,ROI Area,0,0,Caspase,Inoc_HS,5dpl,
52,0.21,IH_5dpl_sample2_MAX_C3.tif,IH_5dpl_sample2_MAX_C3.tif,Second,Threshold Area,0.064,30.598,Caspase,Inoc_HS,5dpl,
53,0.282,IH_5dpl_sample3_MAX_C1.tif,IH_5dpl_sample3_MAX_C1.tif,Hoechst,ROI Area,0,0,Hoechst,Inoc_HS,5dpl,
54,0.282,IH_5dpl_sample3_MAX_C1.tif,IH_5dpl_sample3_MAX_C4.tif,Second,Threshold Area,0.084,29.695,EdU,Inoc_HS,5dpl,
55,0.282,IH_5dpl_sample3_MAX_C1.tif,IH_5dpl_sample3_MAX_C1.tif,Hoechst,ROI Area,0,0,Hoechst,Inoc_HS,5dpl,
56,0.282,IH_5dpl_sample3_MAX_C1.tif,IH_5dpl_sample3_MAX_C3.tif,Second,Threshold Area,0.094,33.365,Caspase,Inoc_HS,5dpl,
57,0.107,IH_5dpl_sample4_MAX_C1.tif,IH_5dpl_sample4_MAX_C1.tif,Hoechst,ROI Area,0,0,Hoechst,Inoc_HS,5dpl,
58,0.107,IH_5dpl_sample4_MAX_C1.tif,IH_5dpl_sample4_MAX_C4.tif,Second,Threshold Area,0.028,26.094,EdU,Inoc_HS,5dpl,
59,0.107,IH_5dpl_sample4_MAX_C1.tif,IH_5dpl_sample4_MAX_C1.tif,Hoechst,ROI Area,0,0,Hoechst,Inoc_HS,5dpl,
60,0.107,IH_5dpl_sample4_MAX_C1.tif,IH_5dpl_sample4_MAX_C3.tif,Second,Threshold Area,0.032,30.038,Caspase,Inoc_HS,5dpl,
61,0.154,IH_5dpl_sample5_MAX_C1.tif,IH_5dpl_sample5_MAX_C1.tif,Hoechst,ROI Area,0,0,Hoechst,Inoc_HS,5dpl,
62,0.154,IH_5dpl_sample5_MAX_C1.tif,IH_5dpl_sample5_MAX_C4.tif,Second,Threshold Area,0.024,15.569,EdU,Inoc_HS,5dpl,
63,0.154,IH_5dpl_sample5_MAX_C1.tif,IH_5dpl_sample5_MAX_C1.tif,Hoechst,ROI Area,0,0,Hoechst,Inoc_HS,5dpl,
64,0.154,IH_5dpl_sample5_MAX_C1.tif,IH_5dpl_sample5_MAX_C3.tif,Second,Threshold Area,0.049,31.637,Caspase,Inoc_HS,5dpl,
65,0.196,IH_8dpl_sample1_really_good_MAX_C1.tif,IH_8dpl_sample1_really_good_MAX_C1.tif,Hoechst,ROI Area,0,0,Hoechst,Inoc_HS,8dpl,
66,0.196,IH_8dpl_sample1_really_good_MAX_C1.tif,IH_8dpl_sample1_really_good_MAX_C4.tif,Second,Threshold Area,0.024,12.009,EdU,Inoc_HS,8dpl,
67,0.196,IH_8dpl_sample1_really_good_MAX_C1.tif,IH_8dpl_sample1_really_good_MAX_C1.tif,Hoechst,ROI Area,0,0,Hoechst,Inoc_HS,8dpl,
68,0.196,IH_8dpl_sample1_really_good_MAX_C1.tif,IH_8dpl_sample1_really_good_MAX_C3.tif,Second,Threshold Area,0.02,10.054,Caspase,Inoc_HS,8dpl,
69,0.178,IH_8dpl_sample2_MAX_C1.tif,IH_8dpl_sample2_MAX_C1.tif,Hoechst,ROI Area,0,0,Hoechst,Inoc_HS,8dpl,
70,0.178,IH_8dpl_sample2_MAX_C1.tif,IH_8dpl_sample2_MAX_C4.tif,Second,Threshold Area,0.024,13.637,EdU,Inoc_HS,8dpl,
71,0.178,IH_8dpl_sample2_MAX_C1.tif,IH_8dpl_sample2_MAX_C1.tif,Hoechst,ROI Area,0,0,Hoechst,Inoc_HS,8dpl,
72,0.178,IH_8dpl_sample2_MAX_C1.tif,IH_8dpl_sample2_MAX_C3.tif,Second,Threshold Area,0.021,11.742,Caspase,Inoc_HS,8dpl,
73,0.164,IH_8dpl_sample4_MAX_C1.tif,IH_8dpl_sample4_MAX_C1.tif,Hoechst,ROI Area,0,0,Hoechst,Inoc_HS,8dpl,
74,0.164,IH_8dpl_sample4_MAX_C1.tif,IH_8dpl_sample4_MAX_C4.tif,Second,Threshold Area,0.008,4.897,EdU,Inoc_HS,8dpl,
75,0.164,IH_8dpl_sample4_MAX_C1.tif,IH_8dpl_sample4_MAX_C1.tif,Hoechst,ROI Area,0,0,Hoechst,Inoc_HS,8dpl,
76,0.164,IH_8dpl_sample4_MAX_C1.tif,IH_8dpl_sample4_MAX_C3.tif,Second,Threshold Area,0.008,4.658,Caspase,Inoc_HS,8dpl,
77,0.247,IH_8dpl_sample5_MAX_C1.tif,IH_8dpl_sample5_MAX_C1.tif,Hoechst,ROI Area,0,0,Hoechst,Inoc_HS,8dpl,
78,0.247,IH_8dpl_sample5_MAX_C1.tif,IH_8dpl_sample5_MAX_C4.tif,Second,Threshold Area,0.048,19.408,EdU,Inoc_HS,8dpl,
79,0.247,IH_8dpl_sample5_MAX_C1.tif,IH_8dpl_sample5_MAX_C1.tif,Hoechst,ROI Area,0,0,Hoechst,Inoc_HS,8dpl,
80,0.247,IH_8dpl_sample5_MAX_C1.tif,IH_8dpl_sample5_MAX_C3.tif,Second,Threshold Area,0.009,3.597,Caspase,Inoc_HS,8dpl,
81,0.273,IH_8dpl_sample6_MAX_C1.tif,IH_8dpl_sample6_MAX_C1.tif,Hoechst,ROI Area,0,0,Hoechst,Inoc_HS,8dpl,
82,0.273,IH_8dpl_sample6_MAX_C1.tif,IH_8dpl_sample6_MAX_C4.tif,Second,Threshold Area,0.021,7.789,EdU,Inoc_HS,8dpl,
83,0.273,IH_8dpl_sample6_MAX_C1.tif,IH_8dpl_sample6_MAX_C1.tif,Hoechst,ROI Area,0,0,Hoechst,Inoc_HS,8dpl,
84,0.273,IH_8dpl_sample6_MAX_C1.tif,IH_8dpl_sample6_MAX_C3.tif,Second,Threshold Area,0.031,11.528,Caspase,Inoc_HS,8dpl,
85,0.156,IH_14dpl_sample1_MAX_C1.tif,IH_14dpl_sample1_MAX_C1.tif,Hoechst,ROI Area,0,0,Hoechst,Inoc_HS,14dpl,
86,0.156,IH_14dpl_sample1_MAX_C1.tif,IH_14dpl_sample1_MAX_C4.tif,Second,Threshold Area,0.012,7.469,EdU,Inoc_HS,14dpl,
87,0.156,IH_14dpl_sample1_MAX_C1.tif,IH_14dpl_sample1_MAX_C1.tif,Hoechst,ROI Area,0,0,Hoechst,Inoc_HS,14dpl,
88,0.156,IH_14dpl_sample1_MAX_C1.tif,IH_14dpl_sample1_MAX_C3.tif,Second,Threshold Area,0.006,3.866,Caspase,Inoc_HS,14dpl,
89,0.302,IH_14dpl_sample2_MAX_C1.tif,IH_14dpl_sample2_MAX_C1.tif,Hoechst,ROI Area,0,0,Hoechst,Inoc_HS,14dpl,
90,0.302,IH_14dpl_sample2_MAX_C1.tif,IH_14dpl_sample2_MAX_C3.tif,Second,Threshold Area,0.004,1.29,Caspase,Inoc_HS,14dpl,
91,0.302,IH_14dpl_sample2_MAX_C1.tif,IH_14dpl_sample2_MAX_C1.tif,Hoechst,ROI Area,0,0,Hoechst,Inoc_HS,14dpl,
92,0.302,IH_14dpl_sample2_MAX_C1.tif,IH_14dpl_sample2_MAX_C4.tif,Second,Threshold Area,0.015,4.846,EdU,Inoc_HS,14dpl,