date,session,observer,lacerate_id,days_since_formation,tentacle_count,alive_status,notes,cohort
2026-02-09,Mon,Grady,P1_VWA_32_Tub1_Lacerate 1,0,0,alive,No counts were done. Accidentally,W1-2
2026-02-09,Mon,Grady,PX_VWA_32_Tub1_Lacerate 2,0,0,alive,No counts were done. Accidentally,W1-2
2026-02-09,Mon,Grady,PX_VWA_32_Tub2_Lacerate 1,0,0,alive,No counts were done. Accidentally,W1-2
2026-02-09,Mon,Grady,PX_VWA_32_Tub2_Lacerate 2,0,0,alive,No counts were done. Accidentally,W1-2
2026-02-09,Mon,Grady,P2_VWA_32_Tub3_Lacerate 1,0,0,alive,No counts were done. Accidentally,W1-2
2026-02-09,Mon,Grady,PX_VWA_32_Tub3_Lacerate 2,0,0,alive,No counts were done. Accidentally,W1-2
2026-02-09,Mon,Grady,P2_VWA_32_Tub3_Lacerate 3,0,0,alive,No counts were done. Accidentally,W1-2
2026-02-09,Mon,Grady,P2_H2_32_Tub1_Lacerate 1,0,0,alive,No counts were done. Accidentally,W1-2
2026-02-09,Mon,Grady,P3_H2_32_Tub1_Lacerate 2,0,0,alive,No counts were done. Accidentally,W1-2
2026-02-09,Mon,Grady,P2_H2_32_Tub1_Lacerate 3,0,0,alive,No counts were done. Accidentally,W1-2
2026-02-09,Mon,Grady,P1_H2_32_Tub2_Lacerate 1,0,0,alive,No counts were done. Accidentally,W1-2
2026-02-09,Mon,Grady,P2_H2_32_Tub2_Lacerate 2,0,0,alive,No counts were done. Accidentally,W1-2
2026-02-09,Mon,Grady,PX_VWA_25_Tub2_Lacerate 1,0,0,alive,No counts were done. Accidentally,W1-2
2026-02-09,Mon,Grady,PX_VWA_25_Tub2_Lacerate 2,0,0,alive,No counts were done. Accidentally,W1-2
2026-02-09,Mon,Grady,PX_VWA_25_Tub2_Lacerate 3,0,0,alive,No counts were done. Accidentally,W1-2
2026-02-09,Mon,Grady,PX_VWA_25_Tub2_Lacerate 4,0,0,alive,No counts were done. Accidentally,W1-2
2026-02-09,Mon,Grady,P3_H2_25_Tub1_Lacerate 1,0,0,alive,No counts were done. Accidentally,W1-2
2026-02-11,Wed,Grady,P1_VWA_32_Tub1_Lacerate 1,2,9,alive,First day of count,W1-2
2026-02-11,Wed,Grady,PX_VWA_32_Tub1_Lacerate 2,2,8,alive,First day of count,W1-2
2026-02-11,Wed,Grady,PX_VWA_32_Tub2_Lacerate 2,2,9,alive,First day of count,W1-2
2026-02-11,Wed,Grady,PX_VWA_32_Tub2_Lacerate 1,2,6,alive,First day of count,W1-2
2026-02-11,Wed,Grady,PX_VWA_32_Tub3_Lacerate 4,0,12,alive,First day of count,W1-2
2026-02-11,Wed,Grady,P2_VWA_32_Tub3_Lacerate 1,2,9,alive,First day of count,W1-2
2026-02-11,Wed,Grady,PX_VWA_32_Tub3_Lacerate 2,2,9,alive,First day of count,W1-2
2026-02-11,Wed,Grady,P2_VWA_32_Tub3_Lacerate 3,2,12,alive,First day of count,W1-2
2026-02-11,Wed,Grady,P2_H2_32_Tub1_Lacerate 1,2,14,alive,First day of count,W1-2
2026-02-11,Wed,Grady,P3_H2_32_Tub1_Lacerate 2,2,5,alive,First day of count,W1-2
2026-02-11,Wed,Grady,P2_H2_32_Tub1_Lacerate 3,2,3,alive,First day of count,W1-2
2026-02-11,Wed,Grady,P1_H2_32_Tub2_Lacerate 1,2,14,alive,First day of count,W1-2
2026-02-11,Wed,Grady,P2_H2_32_Tub2_Lacerate 2,2,12,alive,First day of count,W1-2
2026-02-11,Wed,Grady,P3_H2_25_Tub1_Lacerate 1,2,5,alive,First day of count,W1-2
2026-02-11,Wed,Grady,PX_VWA_25_Tub2_Lacerate 1,2,9,alive,First day of count,W1-2
2026-02-11,Wed,Grady,PX_VWA_25_Tub2_Lacerate 2,2,6,alive,First day of count,W1-2
2026-02-11,Wed,Grady,PX_VWA_25_Tub2_Lacerate 3,2,15,alive,First day of count,W1-2
2026-02-11,Wed,Grady,PX_VWA_25_Tub2_Lacerate 4,2,5,alive,First day of count,W1-2
2026-02-13,Fri,Aiden,P1_VWA_32_Tub1_Lacerate 1,4,11,alive,,W1-2
2026-02-13,Fri,Aiden,PX_VWA_32_Tub1_Lacerate 2,4,8,alive,,W1-2
2026-02-13,Fri,Aiden,PX_VWA_32_Tub2_Lacerate 2,4,,missing,"could not find lacerate, only found lacerates nearby without tentacles",W1-2
2026-02-13,Fri,Aiden,PX_VWA_32_Tub2_Lacerate 1,4,11,alive,,W1-2
2026-02-13,Fri,Aiden,PX_VWA_32_Tub3_Lacerate 4,2,14,alive,,W1-2
2026-02-13,Fri,Aiden,P2_VWA_32_Tub3_Lacerate 1,4,11,alive,,W1-2
2026-02-13,Fri,Aiden,PX_VWA_32_Tub3_Lacerate 2,4,11,alive,,W1-2
2026-02-13,Fri,Aiden,P2_VWA_32_Tub3_Lacerate 3,4,12,alive,,W1-2
2026-02-13,Fri,Aiden,P2_H2_32_Tub1_Lacerate 1,4,14,alive,,W1-2
2026-02-13,Fri,Aiden,P3_H2_32_Tub1_Lacerate 2,4,7,alive,,W1-2
2026-02-13,Fri,Aiden,P2_H2_32_Tub1_Lacerate 3,4,5,alive,,W1-2
2026-02-13,Fri,Aiden,P1_H2_32_Tub2_Lacerate 1,4,14,alive,,W1-2
2026-02-13,Fri,Aiden,P2_H2_32_Tub2_Lacerate 2,4,14,alive,...,W1-2
2026-02-13,Fri,Aiden,P3_H2_25_Tub1_Lacerate 1,4,0,alive,,W1-2
2026-02-13,Fri,Aiden,PX_VWA_25_Tub2_Lacerate 1,4,11,alive,,W1-2
2026-02-13,Fri,Aiden,PX_VWA_25_Tub2_Lacerate 2,4,8,alive,,W1-2
2026-02-13,Fri,Aiden,PX_VWA_25_Tub2_Lacerate 3,4,15,alive,,W1-2
2026-02-13,Fri,Aiden,PX_VWA_25_Tub2_Lacerate 4,4,7,alive,,W1-2
2026-02-13,Fri,Aiden,P3_H2_25_Tub1_Lacerate 2,0,0,alive,,W1-2
2026-02-13,Fri,Aiden,P3_H2_25_Tub1_Lacerate 3,0,0,alive,,W1-2
2026-02-13,Fri,Aiden,P3_H2_25_Tub1_Lacerate 4,0,0,alive,,W1-2
2026-02-13,Fri,Aiden,P3_H2_25_Tub1_Lacerate 5,0,0,alive,,W1-2
2026-02-13,Fri,Aiden,P1_VWA_25_Tub1_Lacerate 1,0,0,alive,,W1-2
2026-02-13,Fri,Aiden,P2_H2_32_Tub2_Lacerate 3,0,0,alive,,W1-2
2026-02-13,Fri,Aiden,P1_VWA_32_Tub2_Lacerate 3,0,0,alive,,W1-2
2026-02-13,Fri,Aiden,P1_VWA_32_Tub2_Lacerate 4,0,0,alive,,W1-2
2026-02-16,Mon,Grady,P1_VWA_25_Tub1_Lacerate 1,3,0,alive,,W1-2
2026-02-16,Mon,Grady,PX_VWA_25_Tub2_Lacerate 1,7,12,alive,,W1-2
2026-02-16,Mon,Grady,PX_VWA_25_Tub2_Lacerate 2,7,10,alive,,W1-2
2026-02-16,Mon,Grady,PX_VWA_25_Tub2_Lacerate 3,7,18,alive,,W1-2
2026-02-16,Mon,Grady,PX_VWA_25_Tub2_Lacerate 4,7,9,alive,,W1-2
2026-02-16,Mon,Grady,P3_H2_25_Tub1_Lacerate 1,7,10,alive,,W1-2
2026-02-16,Mon,Grady,P3_H2_25_Tub1_Lacerate 2,3,0,alive,,W1-2
2026-02-16,Mon,Grady,P3_H2_25_Tub1_Lacerate 3,3,0,alive,,W1-2
2026-02-16,Mon,Grady,P3_H2_25_Tub1_Lacerate 4,3,0,alive,,W1-2
2026-02-16,Mon,Grady,P3_H2_25_Tub1_Lacerate 5,3,0,alive,,W1-2
2026-02-16,Mon,Grady,P3_H2_25_Tub2_Lacerate 1,0,0,alive,,W1-2
2026-02-16,Mon,Grady,P1_H2_25_Tub2_Lacerate 2,0,0,alive,,W1-2
2026-02-16,Mon,Grady,P1_H2_25_Tub2_Lacerate 3,0,0,alive,,W1-2
2026-02-16,Mon,Grady,P1_H2_25_Tub2_Lacerate 4,0,0,alive,,W1-2
2026-02-16,Mon,Grady,P2_H2_25_Tub2_Lacerate 5,0,0,alive,,W1-2
2026-02-16,Mon,Grady,P3_H2_25_Tub3_Lacerate 1,0,0,alive,,W1-2
2026-02-16,Mon,Grady,P3_H2_25_Tub3_Lacerate 2,0,0,alive,,W1-2
2026-02-16,Mon,Grady,P2_H2_25_Tub3_Lacerate 3,0,0,alive,,W1-2
2026-02-16,Mon,Grady,P1_VWA_32_Tub1_Lacerate 1,7,16,alive,,W1-2
2026-02-16,Mon,Grady,PX_VWA_32_Tub1_Lacerate 2,7,16,alive,,W1-2
2026-02-16,Mon,Grady,P1_VWA_32_Tub1_Lacerate 3,0,4,alive,,W1-2
2026-02-16,Mon,Grady,P1_VWA_32_Tub1_Lacerate 4,0,11,alive,,W1-2
2026-02-16,Mon,Grady,PX_VWA_32_Tub2_Lacerate 1,7,15,alive,,W1-2
2026-02-16,Mon,Grady,PX_VWA_32_Tub2_Lacerate 2,7,6,alive,I think this was the missing lacerate from 2/13,W1-2
2026-02-16,Mon,Grady,P1_VWA_32_Tub2_Lacerate 3,3,0,alive,,W1-2
2026-02-16,Mon,Grady,P1_VWA_32_Tub2_Lacerate 4,3,0,alive,,W1-2
2026-02-16,Mon,Grady,P2_VWA_32_Tub3_Lacerate 1,7,17,alive,,W1-2
2026-02-16,Mon,Grady,PX_VWA_32_Tub3_Lacerate 2,7,14,alive,,W1-2
2026-02-16,Mon,Grady,P2_VWA_32_Tub3_Lacerate 3,7,17,alive,,W1-2
2026-02-16,Mon,Grady,PX_VWA_32_Tub3_Lacerate 4,5,16,alive,,W1-2
2026-02-16,Mon,Grady,P1_VWA_32_Tub3_Lacerate 5,0,0,alive,,W1-2
2026-02-16,Mon,Grady,P2_H2_32_Tub1_Lacerate 1,7,18,alive,,W1-2
2026-02-16,Mon,Grady,P3_H2_32_Tub1_Lacerate 2,7,6,alive,,W1-2
2026-02-16,Mon,Grady,P2_H2_32_Tub1_Lacerate 3,7,6,alive,,W1-2
2026-02-16,Mon,Grady,PX_H2_32_Tub1_Lacerate 4,0,0,alive,,W1-2
2026-02-16,Mon,Grady,P1_H2_32_Tub1_Lacerate 5,0,8,alive,,W1-2
2026-02-16,Mon,Grady,P1_H2_32_Tub2_Lacerate 1,7,21,alive,,W1-2
2026-02-16,Mon,Grady,P2_H2_32_Tub2_Lacerate 2,7,18,alive,...on tub maps L2 is assigned to P1 ,W1-2
2026-02-16,Mon,Grady,P2_H2_32_Tub2_Lacerate 3,3,4,alive,,W1-2
2026-02-16,Mon,Grady,P1_H2_32_Tub2_Lacerate 4,0,10,alive,,W1-2
2026-02-16,Mon,Grady,P1_H2_32_Tub3_Lacerate 1,0,0,alive,,W1-2
2026-02-16,Mon,Grady,P2_H2_32_Tub3_Lacerate 2,0,0,alive,,W1-2
2026-02-16,Mon,Grady,P3_H2_25_Tub1_Lacerate 6,0,10,alive,,W1-2
2026-02-18,Wed,Grady,P3_H2_25_Tub1_Lacerate 1,9,3,alive,not attached,W1-2
2026-02-18,Wed,Grady,P3_H2_25_Tub1_Lacerate 2,5,5,alive,,W1-2
2026-02-18,Wed,Grady,P3_H2_25_Tub1_Lacerate 3,5,1,alive,,W1-2
2026-02-18,Wed,Grady,P3_H2_25_Tub1_Lacerate 4,5,10,alive,,W1-2
2026-02-18,Wed,Grady,P3_H2_25_Tub1_Lacerate 5,5,0,alive,,W1-2
2026-02-18,Wed,Grady,P3_H2_25_Tub1_Lacerate 6,2,13,alive,,W1-2
2026-02-18,Wed,Grady,P1_H2_25_Tub1_Lacerate 7,0,4,alive,,W1-2
2026-02-18,Wed,Grady,P3_H2_25_Tub1_Lacerate 8,0,0,alive,,W1-2
2026-02-18,Wed,Grady,P3_H2_25_Tub2_Lacerate 1,2,0,alive,,W1-2
2026-02-18,Wed,Grady,P1_H2_25_Tub2_Lacerate 2,2,,missing,,W1-2
2026-02-18,Wed,Grady,P1_H2_25_Tub2_Lacerate 3,2,,missing,,W1-2
2026-02-18,Wed,Grady,P1_H2_25_Tub2_Lacerate 4,2,0,alive,,W1-2
2026-02-18,Wed,Grady,P2_H2_25_Tub2_Lacerate 5,2,0,alive,,W1-2
2026-02-18,Wed,Grady,P2_H2_25_Tub2_Lacerate 6,0,0,alive,,W1-2
2026-02-18,Wed,Grady,P2_H2_25_Tub2_Lacerate 7,0,0,alive,,W1-2
2026-02-18,Wed,Grady,P3_H2_25_Tub3_Lacerate 1,2,0,alive,,W1-2
2026-02-18,Wed,Grady,P3_H2_25_Tub3_Lacerate 2,2,0,alive,,W1-2
2026-02-18,Wed,Grady,P2_H2_25_Tub3_Lacerate 3,2,0,alive,,W1-2
2026-02-18,Wed,Grady,P2_H2_25_Tub3_Lacerate 4,0,0,alive,,W1-2
2026-02-18,Wed,Grady,P1_VWA_25_Tub1_Lacerate 1,5,0,alive,,W1-2
2026-02-18,Wed,Grady,P1_VWA_25_Tub1_Lacerate 2,0,0,alive,,W1-2
2026-02-18,Wed,Grady,P1_VWA_25_Tub1_Lacerate 3,0,0,alive,,W1-2
2026-02-18,Wed,Grady,P1_VWA_25_Tub1_Lacerate 4,0,0,alive,,W1-2
2026-02-18,Wed,Grady,P1_VWA_25_Tub1_Lacerate 5,0,0,alive,,W1-2
2026-02-18,Wed,Grady,P1_VWA_25_Tub1_Lacerate 6,0,0,alive,,W1-2
2026-02-18,Wed,Grady,P1_VWA_25_Tub1_Lacerate 7,0,0,alive,,W1-2
2026-02-18,Wed,Grady,P1_VWA_25_Tub1_Lacerate 8,0,0,alive,,W1-2
2026-02-18,Wed,Grady,P2_VWA_25_Tub1_Lacerate 9,0,0,alive,,W1-2
2026-02-18,Wed,Grady,PX_VWA_25_Tub2_Lacerate 1,9,11,alive,,W1-2
2026-02-18,Wed,Grady,PX_VWA_25_Tub2_Lacerate 2,9,10,alive,,W1-2
2026-02-18,Wed,Grady,PX_VWA_25_Tub2_Lacerate 3,9,20,alive,,W1-2
2026-02-18,Wed,Grady,PX_VWA_25_Tub2_Lacerate 4,9,13,alive,,W1-2
2026-02-18,Wed,Grady,P2_VWA_25_Tub2_Lacerate 5,0,8,alive,,W1-2
2026-02-18,Wed,Grady,P2_VWA_25_Tub2_Lacerate 6,0,1,alive,,W1-2
2026-02-18,Wed,Grady,P2_VWA_25_Tub2_Lacerate 7,0,0,alive,,W1-2
2026-02-18,Wed,Grady,P2_VWA_25_Tub2_Lacerate 8,0,0,alive,,W1-2
2026-02-18,Wed,Grady,P2_VWA_25_Tub2_Lacerate 9,0,0,alive,,W1-2
2026-02-18,Wed,Grady,P2_VWA_25_Tub2_Lacerate 10,0,0,alive,,W1-2
2026-02-18,Wed,Grady,P2_VWA_25_Tub2_Lacerate 11,0,0,alive,,W1-2
2026-02-18,Wed,Grady,P1_VWA_25_Tub3_Lacerate 1,0,6,alive,,W1-2
2026-02-18,Wed,Grady,P2_VWA_25_Tub3_Lacerate 2,0,0,alive,,W1-2
2026-02-18,Wed,Grady,P2_H2_32_Tub1_Lacerate 1,9,19,alive,forked tentacle!,W1-2
2026-02-18,Wed,Grady,P3_H2_32_Tub1_Lacerate 2,9,,missing,,W1-2
2026-02-18,Wed,Grady,P2_H2_32_Tub1_Lacerate 3,9,21,alive,,W1-2
2026-02-18,Wed,Grady,PX_H2_32_Tub1_Lacerate 4,2,,missing,,W1-2
2026-02-18,Wed,Grady,P1_H2_32_Tub1_Lacerate 5,2,13,alive,,W1-2
2026-02-18,Wed,Grady,P3_H2_32_Tub1_Lacerate 6,2,18,alive,,W1-2
2026-02-18,Wed,Grady,P2_H2_32_Tub1_Lacerate 7,0,0,alive,,W1-2
2026-02-18,Wed,Grady,P2_H2_32_Tub1_Lacerate 8,0,0,alive,,W1-2
2026-02-18,Wed,Grady,P2_H2_32_Tub1_Lacerate 9,0,0,alive,,W1-2
2026-02-18,Wed,Grady,P1_H2_32_Tub1_Lacerate 10,0,0,alive,,W1-2
2026-02-18,Wed,Grady,P1_H2_32_Tub1_Lacerate 11,0,16,alive,,W1-2
2026-02-18,Wed,Grady,P1_H2_32_Tub2_Lacerate 1,9,18,alive,,W1-2
2026-02-18,Wed,Grady,P2_H2_32_Tub2_Lacerate 2,9,18,alive,,W1-2
2026-02-18,Wed,Grady,P2_H2_32_Tub2_Lacerate 3,5,8,alive,,W1-2
2026-02-18,Wed,Grady,P1_H2_32_Tub2_Lacerate 4,2,9,alive,,W1-2
2026-02-18,Wed,Grady,P1_H2_32_Tub2_Lacerate 5,0,0,alive,,W1-2
2026-02-18,Wed,Grady,P2_H2_32_Tub2_Lacerate 6,0,0,alive,,W1-2
2026-02-18,Wed,Grady,P2_H2_32_Tub2_Lacerate 7,0,0,alive,,W1-2
2026-02-18,Wed,Grady,PX_H2_32_Tub2_Lacerate 8,0,10,alive,,W1-2
2026-02-18,Wed,Grady,P1_H2_32_Tub3_Lacerate 1,2,0,alive,,W1-2
2026-02-18,Wed,Grady,P2_H2_32_Tub3_Lacerate 2,2,0,alive,,W1-2
2026-02-18,Wed,Grady,P1_VWA_32_Tub1_Lacerate 1,9,21,alive,,W1-2
2026-02-18,Wed,Grady,PX_VWA_32_Tub1_Lacerate 2,9,16,alive,,W1-2
2026-02-18,Wed,Grady,P1_VWA_32_Tub1_Lacerate 3,2,11,alive,,W1-2
2026-02-18,Wed,Grady,P1_VWA_32_Tub1_Lacerate 4,2,13,alive,,W1-2
2026-02-18,Wed,Grady,P1_VWA_32_Tub1_Lacerate 5,0,0,alive,,W1-2
2026-02-18,Wed,Grady,P1_VWA_32_Tub1_Lacerate 6,0,0,alive,,W1-2
2026-02-18,Wed,Grady,PX_VWA_32_Tub2_Lacerate 1,9,13,alive,,W1-2
2026-02-18,Wed,Grady,PX_VWA_32_Tub2_Lacerate 2,9,11,alive,,W1-2
2026-02-18,Wed,Grady,P1_VWA_32_Tub2_Lacerate 3,5,0,alive,,W1-2
2026-02-18,Wed,Grady,P1_VWA_32_Tub2_Lacerate 4,5,19,alive,,W1-2
2026-02-18,Wed,Grady,P2_VWA_32_Tub3_Lacerate 1,9,17,alive,,W1-2
2026-02-18,Wed,Grady,PX_VWA_32_Tub3_Lacerate 2,9,15,alive,,W1-2
2026-02-18,Wed,Grady,P2_VWA_32_Tub3_Lacerate 3,9,16,alive,,W1-2
2026-02-18,Wed,Grady,PX_VWA_32_Tub3_Lacerate 4,7,20,alive,,W1-2
2026-02-18,Wed,Grady,P1_VWA_32_Tub3_Lacerate 5,2,0,alive,,W1-2
2026-02-20,Fri,Aiden,P3_H2_25_Tub1_Lacerate 1,11,,missing,cant find it/missing,W1-2
2026-02-20,Fri,Aiden,P3_H2_25_Tub1_Lacerate 2,7,12,alive,,W1-2
2026-02-20,Fri,Aiden,P3_H2_25_Tub1_Lacerate 3,7,1,alive,,W1-2
2026-02-20,Fri,Aiden,P3_H2_25_Tub1_Lacerate 4,7,,missing,cant find it/missing,W1-2
2026-02-20,Fri,Aiden,P3_H2_25_Tub1_Lacerate 5,7,10,alive,,W1-2
2026-02-20,Fri,Aiden,P3_H2_25_Tub1_Lacerate 6,4,13,alive,,W1-2
2026-02-20,Fri,Aiden,P1_H2_25_Tub1_Lacerate 7,2,10,alive,,W1-2
2026-02-20,Fri,Aiden,P3_H2_25_Tub1_Lacerate 8,2,6,alive,,W1-2
2026-02-20,Fri,Aiden,P3_H2_25_Tub1_Lacerate 9,0,0,alive,,W1-2
2026-02-20,Fri,Aiden,P3_H2_25_Tub1_Lacerate 10,0,0,alive,,W1-2
2026-02-20,Fri,Aiden,P3_H2_25_Tub1_Lacerate 11,0,0,alive,,W1-2
2026-02-20,Fri,Aiden,P3_H2_25_Tub2_Lacerate 1,4,11,alive,,W1-2
2026-02-20,Fri,Aiden,P1_H2_25_Tub2_Lacerate 2,4,,missing,missing,W1-2
2026-02-20,Fri,Aiden,P1_H2_25_Tub2_Lacerate 3,4,,missing,missing,W1-2
2026-02-20,Fri,Aiden,P1_H2_25_Tub2_Lacerate 4,4,0,alive,,W1-2
2026-02-20,Fri,Aiden,P2_H2_25_Tub2_Lacerate 5,4,0,alive,,W1-2
2026-02-20,Fri,Aiden,P2_H2_25_Tub2_Lacerate 6,2,6,alive,,W1-2
2026-02-20,Fri,Aiden,P2_H2_25_Tub2_Lacerate 7,2,0,alive,,W1-2
2026-02-20,Fri,Aiden,P3_H2_25_Tub2_Lacerate 8,0,0,alive,,W1-2
2026-02-20,Fri,Aiden,P3_H2_25_Tub2_Lacerate 9,0,0,alive,,W1-2
2026-02-20,Fri,Aiden,P1_H2_25_Tub2_Lacerate 10,0,0,alive,,W1-2
2026-02-20,Fri,Aiden,P1_H2_25_Tub2_Lacerate 11,0,0,alive,,W1-2
2026-02-20,Fri,Aiden,P1_H2_25_Tub2_Lacerate 12,0,0,alive,,W1-2
2026-02-20,Fri,Aiden,P3_H2_25_Tub3_Lacerate 1,4,0,alive,,W1-2
2026-02-20,Fri,Aiden,P3_H2_25_Tub3_Lacerate 2,4,0,alive,,W1-2
2026-02-20,Fri,Aiden,P2_H2_25_Tub3_Lacerate 3,4,12,alive,,W1-2
2026-02-20,Fri,Aiden,P2_H2_25_Tub3_Lacerate 4,2,0,alive,,W1-2
2026-02-20,Fri,Aiden,P3_H2_25_Tub3_Lacerate 5,0,0,alive,,W1-2
2026-02-20,Fri,Aiden,P2_H2_25_Tub3_Lacerate 6,0,0,alive,,W1-2
2026-02-20,Fri,Aiden,P1_VWA_25_Tub1_Lacerate 1,7,0,alive,,W1-2
2026-02-20,Fri,Aiden,P1_VWA_25_Tub1_Lacerate 2,2,0,alive,,W1-2
2026-02-20,Fri,Aiden,P1_VWA_25_Tub1_Lacerate 3,2,0,alive,,W1-2
2026-02-20,Fri,Aiden,P1_VWA_25_Tub1_Lacerate 4,2,0,alive,,W1-2
2026-02-20,Fri,Aiden,P1_VWA_25_Tub1_Lacerate 5,2,0,alive,,W1-2
2026-02-20,Fri,Aiden,P1_VWA_25_Tub1_Lacerate 6,2,0,alive,,W1-2
2026-02-20,Fri,Aiden,P1_VWA_25_Tub1_Lacerate 7,2,0,alive,,W1-2
2026-02-20,Fri,Aiden,P1_VWA_25_Tub1_Lacerate 8,2,0,alive,,W1-2
2026-02-20,Fri,Aiden,P2_VWA_25_Tub1_Lacerate 9,2,0,alive,,W1-2
2026-02-20,Fri,Aiden,P2_VWA_25_Tub1_Lacerate 10,0,0,alive,,W1-2
2026-02-20,Fri,Aiden,P2_VWA_25_Tub1_Lacerate 11,0,0,alive,,W1-2
2026-02-20,Fri,Aiden,P2_VWA_25_Tub1_Lacerate 12,0,0,alive,,W1-2
2026-02-20,Fri,Aiden,P3_VWA_25_Tub1_Lacerate 13,0,0,alive,,W1-2
2026-02-20,Fri,Aiden,PX_VWA_25_Tub2_Lacerate 1,11,11,alive,,W1-2
2026-02-20,Fri,Aiden,PX_VWA_25_Tub2_Lacerate 2,11,11,alive,,W1-2
2026-02-20,Fri,Aiden,PX_VWA_25_Tub2_Lacerate 3,11,22,alive,,W1-2
2026-02-20,Fri,Aiden,PX_VWA_25_Tub2_Lacerate 4,11,15,alive,,W1-2
2026-02-20,Fri,Aiden,P2_VWA_25_Tub2_Lacerate 5,2,9,alive,,W1-2
2026-02-20,Fri,Aiden,P2_VWA_25_Tub2_Lacerate 6,2,0,alive,,W1-2
2026-02-20,Fri,Aiden,P2_VWA_25_Tub2_Lacerate 7,2,0,alive,,W1-2
2026-02-20,Fri,Aiden,P2_VWA_25_Tub2_Lacerate 8,2,0,alive,,W1-2
2026-02-20,Fri,Aiden,P2_VWA_25_Tub2_Lacerate 9,2,0,alive,,W1-2
2026-02-20,Fri,Aiden,P2_VWA_25_Tub2_Lacerate 10,2,0,alive,,W1-2
2026-02-20,Fri,Aiden,P2_VWA_25_Tub2_Lacerate 11,2,0,alive,,W1-2
2026-02-20,Fri,Aiden,P2_VWA_25_Tub2_Lacerate 12,0,0,alive,,W1-2
2026-02-20,Fri,Aiden,P1_VWA_25_Tub3_Lacerate 1,2,16,alive,,W1-2
2026-02-20,Fri,Aiden,P2_VWA_25_Tub3_Lacerate 2,2,0,alive,,W1-2
2026-02-20,Fri,Aiden,P2_H2_32_Tub1_Lacerate 1,11,19,alive,,W1-2
2026-02-20,Fri,Aiden,P3_H2_32_Tub1_Lacerate 2,11,,missing,,W1-2
2026-02-20,Fri,Aiden,P2_H2_32_Tub1_Lacerate 3,11,22,alive,,W1-2
2026-02-20,Fri,Aiden,PX_H2_32_Tub1_Lacerate 4,4,,missing,,W1-2
2026-02-20,Fri,Aiden,P1_H2_32_Tub1_Lacerate 5,4,15,alive,,W1-2
2026-02-20,Fri,Aiden,P3_H2_32_Tub1_Lacerate 6,4,20,alive,,W1-2
2026-02-20,Fri,Aiden,P2_H2_32_Tub1_Lacerate 7,2,8,alive,,W1-2
2026-02-20,Fri,Aiden,P2_H2_32_Tub1_Lacerate 8,2,8,alive,,W1-2
2026-02-20,Fri,Aiden,P2_H2_32_Tub1_Lacerate 9,2,10,alive,,W1-2
2026-02-20,Fri,Aiden,P1_H2_32_Tub1_Lacerate 10,2,9,alive,,W1-2
2026-02-20,Fri,Aiden,P1_H2_32_Tub1_Lacerate 11,2,18,alive,,W1-2
2026-02-20,Fri,Aiden,P1_H2_32_Tub2_Lacerate 1,11,20,alive,,W1-2
2026-02-20,Fri,Aiden,P2_H2_32_Tub2_Lacerate 2,11,18,alive,,W1-2
2026-02-20,Fri,Aiden,P2_H2_32_Tub2_Lacerate 3,7,9,alive,,W1-2
2026-02-20,Fri,Aiden,P1_H2_32_Tub2_Lacerate 4,4,10,alive,,W1-2
2026-02-20,Fri,Aiden,P1_H2_32_Tub2_Lacerate 5,2,0,alive,,W1-2
2026-02-20,Fri,Aiden,P2_H2_32_Tub2_Lacerate 6,2,0,alive,,W1-2
2026-02-20,Fri,Aiden,P2_H2_32_Tub2_Lacerate 7,2,0,alive,,W1-2
2026-02-20,Fri,Aiden,PX_H2_32_Tub2_Lacerate 8,2,0,alive,,W1-2
2026-02-20,Fri,Aiden,P2_H2_32_Tub2_Lacerate 9,0,0,alive,,W1-2
2026-02-20,Fri,Aiden,P2_H2_32_Tub2_Lacerate 10,0,0,alive,,W1-2
2026-02-20,Fri,Aiden,P2_H2_32_Tub2_Lacerate 11,0,0,alive,,W1-2
2026-02-20,Fri,Aiden,P1_H2_32_Tub2_Lacerate 12,0,0,alive,,W1-2
2026-02-20,Fri,Aiden,P1_H2_32_Tub2_Lacerate 13,0,0,alive,,W1-2
2026-02-20,Fri,Aiden,P1_H2_32_Tub2_Lacerate 14,0,0,alive,,W1-2
2026-02-20,Fri,Aiden,P1_H2_32_Tub2_Lacerate 15,0,0,alive,,W1-2
2026-02-20,Fri,Aiden,P1_H2_32_Tub3_Lacerate 1,4,0,alive,,W1-2
2026-02-20,Fri,Aiden,P2_H2_32_Tub3_Lacerate 2,4,0,alive,,W1-2
2026-02-20,Fri,Aiden,P2_H2_32_Tub3_Lacerate 3,0,0,alive,,W1-2
2026-02-20,Fri,Aiden,P3_H2_32_Tub3_Lacerate 4,0,0,alive,,W1-2
2026-02-20,Fri,Aiden,P1_VWA_32_Tub1_Lacerate 1,11,21,alive,,W1-2
2026-02-20,Fri,Aiden,PX_VWA_32_Tub1_Lacerate 2,11,18,alive,,W1-2
2026-02-20,Fri,Aiden,P1_VWA_32_Tub1_Lacerate 3,4,12,alive,,W1-2
2026-02-20,Fri,Aiden,P1_VWA_32_Tub1_Lacerate 4,4,15,alive,,W1-2
2026-02-20,Fri,Aiden,P1_VWA_32_Tub1_Lacerate 5,2,0,alive,,W1-2
2026-02-20,Fri,Aiden,P1_VWA_32_Tub1_Lacerate 6,2,0,alive,,W1-2
2026-02-20,Fri,Aiden,P1_VWA_32_Tub1_Lacerate 7,0,0,alive,,W1-2
2026-02-20,Fri,Aiden,P1_VWA_32_Tub1_Lacerate 8,0,0,alive,,W1-2
2026-02-20,Fri,Aiden,P3_VWA_32_Tub1_Lacerate 9,0,0,alive,,
2026-02-20,Fri,Aiden,PX_VWA_32_Tub2_Lacerate 1,11,20,alive,,W1-2
2026-02-20,Fri,Aiden,PX_VWA_32_Tub2_Lacerate 2,11,12,alive,,W1-2
2026-02-20,Fri,Aiden,P1_VWA_32_Tub2_Lacerate 3,7,0,alive,,W1-2
2026-02-20,Fri,Aiden,P1_VWA_32_Tub2_Lacerate 4,7,17,alive,,W1-2
2026-02-20,Fri,Aiden,P2_VWA_32_Tub3_Lacerate 1,11,19,alive,,W1-2
2026-02-20,Fri,Aiden,PX_VWA_32_Tub3_Lacerate 2,11,19,alive,,W1-2
2026-02-20,Fri,Aiden,P2_VWA_32_Tub3_Lacerate 3,11,21,alive,,W1-2
2026-02-20,Fri,Aiden,PX_VWA_32_Tub3_Lacerate 4,9,20,alive,,W1-2
2026-02-20,Fri,Aiden,P1_VWA_32_Tub3_Lacerate 5,4,0,alive,,W1-2
2026-02-23,Mon,Grady,P3_H2_25_Tub1_Lacerate 1,14,,missing,,W1-2
2026-02-23,Mon,Grady,P3_H2_25_Tub1_Lacerate 2,10,14,alive,,W1-2
2026-02-23,Mon,Grady,P3_H2_25_Tub1_Lacerate 3,10,8,alive,,W1-2
2026-02-23,Mon,Grady,P3_H2_25_Tub1_Lacerate 4,10,,missing,,W1-2
2026-02-23,Mon,Grady,P3_H2_25_Tub1_Lacerate 5,10,12,alive,,W1-2
2026-02-23,Mon,Grady,P3_H2_25_Tub1_Lacerate 6,7,21,alive,,W1-2
2026-02-23,Mon,Grady,P1_H2_25_Tub1_Lacerate 7,5,9,alive,,W1-2
2026-02-23,Mon,Grady,P3_H2_25_Tub1_Lacerate 8,5,14,alive,,W1-2
2026-02-23,Mon,Grady,P3_H2_25_Tub1_Lacerate 9,3,10,alive,,W1-2
2026-02-23,Mon,Grady,P3_H2_25_Tub1_Lacerate 10,3,8,alive,,W1-2
2026-02-23,Mon,Grady,P3_H2_25_Tub1_Lacerate 11,3,12,alive,,W1-2
2026-02-23,Mon,Grady,PX_H2_25_Tub1_Lacerate 12,0,6,alive,,W1-2
2026-02-23,Mon,Grady,PX_H2_25_Tub1_Lacerate 13,0,11,alive,,W1-2
2026-02-23,Mon,Grady,P3_H2_25_Tub2_Lacerate 1,7,7,alive,,W1-2
2026-02-23,Mon,Grady,P1_H2_25_Tub2_Lacerate 2,7,,missing,,W1-2
2026-02-23,Mon,Grady,P1_H2_25_Tub2_Lacerate 3,7,,missing,,W1-2
2026-02-23,Mon,Grady,P1_H2_25_Tub2_Lacerate 4,7,6,alive,,W1-2
2026-02-23,Mon,Grady,P2_H2_25_Tub2_Lacerate 5,7,0,alive,,W1-2
2026-02-23,Mon,Grady,P2_H2_25_Tub2_Lacerate 6,5,4,alive,,W1-2
2026-02-23,Mon,Grady,P2_H2_25_Tub2_Lacerate 7,5,0,alive,,W1-2
2026-02-23,Mon,Grady,P3_H2_25_Tub2_Lacerate 8,3,0,missing,,W1-2
2026-02-23,Mon,Grady,P3_H2_25_Tub2_Lacerate 9,3,0,missing,,W1-2
2026-02-23,Mon,Grady,P1_H2_25_Tub2_Lacerate 10,3,3,alive,,W1-2
2026-02-23,Mon,Grady,P1_H2_25_Tub2_Lacerate 11,3,0,alive,,W1-2
2026-02-23,Mon,Grady,P1_H2_25_Tub2_Lacerate 12,3,4,alive,,W1-2
2026-02-23,Mon,Grady,P3_H2_25_Tub3_Lacerate 1,7,0,alive,,W1-2
2026-02-23,Mon,Grady,P3_H2_25_Tub3_Lacerate 2,7,0,alive,,W1-2
2026-02-23,Mon,Grady,P2_H2_25_Tub3_Lacerate 3,7,9,alive,,W1-2
2026-02-23,Mon,Grady,P2_H2_25_Tub3_Lacerate 4,5,10,alive,,W1-2
2026-02-23,Mon,Grady,P3_H2_25_Tub3_Lacerate 5,3,6,alive,,W1-2
2026-02-23,Mon,Grady,P2_H2_25_Tub3_Lacerate 6,3,0,alive,,W1-2
2026-02-23,Mon,Grady,P1_H2_25_Tub3_Lacerate 7,0,4,alive,,W1-2
2026-02-23,Mon,Grady,P1_H2_25_Tub3_Lacerate 8,0,7,alive,,W1-2
2026-02-23,Mon,Grady,P1_H2_25_Tub3_Lacerate 9,0,8,alive,,W1-2
2026-02-23,Mon,Grady,P1_VWA_25_Tub1_Lacerate 1,10,,missing,,W1-2
2026-02-23,Mon,Grady,P1_VWA_25_Tub1_Lacerate 2,5,0,alive,,W1-2
2026-02-23,Mon,Grady,P1_VWA_25_Tub1_Lacerate 3,5,0,alive,,W1-2
2026-02-23,Mon,Grady,P1_VWA_25_Tub1_Lacerate 4,5,0,alive,,W1-2
2026-02-23,Mon,Grady,P1_VWA_25_Tub1_Lacerate 5,5,0,alive,,W1-2
2026-02-23,Mon,Grady,P1_VWA_25_Tub1_Lacerate 6,5,0,alive,,W1-2
2026-02-23,Mon,Grady,P1_VWA_25_Tub1_Lacerate 7,5,0,alive,,W1-2
2026-02-23,Mon,Grady,P1_VWA_25_Tub1_Lacerate 8,5,0,alive,,W1-2
2026-02-23,Mon,Grady,P2_VWA_25_Tub1_Lacerate 9,5,0,alive,,W1-2
2026-02-23,Mon,Grady,P2_VWA_25_Tub1_Lacerate 10,3,0,alive,,W1-2
2026-02-23,Mon,Grady,P2_VWA_25_Tub1_Lacerate 11,3,0,alive,,W1-2
2026-02-23,Mon,Grady,P2_VWA_25_Tub1_Lacerate 12,3,,missing,,W1-2
2026-02-23,Mon,Grady,P3_VWA_25_Tub1_Lacerate 13,3,0,alive,,W1-2
2026-02-23,Mon,Grady,PX_VWA_25_Tub2_Lacerate 1,14,24,alive,,W1-2
2026-02-23,Mon,Grady,PX_VWA_25_Tub2_Lacerate 2,14,12,alive,,W1-2
2026-02-23,Mon,Grady,PX_VWA_25_Tub2_Lacerate 3,14,20,alive,,W1-2
2026-02-23,Mon,Grady,PX_VWA_25_Tub2_Lacerate 4,14,16,alive,,W1-2
2026-02-23,Mon,Grady,P2_VWA_25_Tub2_Lacerate 5,5,9,alive,,W1-2
2026-02-23,Mon,Grady,P2_VWA_25_Tub2_Lacerate 6,5,0,alive,,W1-2
2026-02-23,Mon,Grady,P2_VWA_25_Tub2_Lacerate 7,5,0,alive,,W1-2
2026-02-23,Mon,Grady,P2_VWA_25_Tub2_Lacerate 8,5,0,alive,,W1-2
2026-02-23,Mon,Grady,P2_VWA_25_Tub2_Lacerate 9,5,0,alive,,W1-2
2026-02-23,Mon,Grady,P2_VWA_25_Tub2_Lacerate 10,5,0,alive,,W1-2
2026-02-23,Mon,Grady,P2_VWA_25_Tub2_Lacerate 11,5,0,alive,,W1-2
2026-02-23,Mon,Grady,P2_VWA_25_Tub2_Lacerate 12,3,0,alive,,W1-2
2026-02-23,Mon,Grady,PX_VWA_25_Tub2_Lacerate 13,0,16,alive,,W1-2
2026-02-23,Mon,Grady,P1_VWA_25_Tub3_Lacerate 1,5,15,alive,,W1-2
2026-02-23,Mon,Grady,P2_VWA_25_Tub3_Lacerate 2,5,0,alive,,W1-2
2026-02-23,Mon,Grady,P2_VWA_25_Tub3_Lacerate 3,0,0,alive,,W1-2
2026-02-23,Mon,Grady,P2_VWA_25_Tub3_Lacerate 4,0,0,alive,,W1-2
2026-02-23,Mon,Grady,P2_H2_32_Tub1_Lacerate 1,14,21,alive,,W1-2
2026-02-23,Mon,Grady,P3_H2_32_Tub1_Lacerate 2,14,,missing,,W1-2
2026-02-23,Mon,Grady,P2_H2_32_Tub1_Lacerate 3,14,21,alive,,W1-2
2026-02-23,Mon,Grady,PX_H2_32_Tub1_Lacerate 4,7,,missing,,W1-2
2026-02-23,Mon,Grady,P1_H2_32_Tub1_Lacerate 5,7,14,alive,,W1-2
2026-02-23,Mon,Grady,P3_H2_32_Tub1_Lacerate 6,7,10,alive,,W1-2
2026-02-23,Mon,Grady,P2_H2_32_Tub1_Lacerate 7,5,13,alive,,W1-2
2026-02-23,Mon,Grady,P2_H2_32_Tub1_Lacerate 8,5,11,alive,,W1-2
2026-02-23,Mon,Grady,P2_H2_32_Tub1_Lacerate 9,5,13,alive,,W1-2
2026-02-23,Mon,Grady,P1_H2_32_Tub1_Lacerate 10,5,9,alive,,W1-2
2026-02-23,Mon,Grady,P1_H2_32_Tub1_Lacerate 11,5,19,alive,,W1-2
2026-02-23,Mon,Grady,PX_H2_32_Tub1_Lacerate 12,0,16,alive,,W1-2
2026-02-23,Mon,Grady,PX_H2_32_Tub1_Lacerate 13,0,13,alive,,W1-2
2026-02-23,Mon,Grady,PX_H2_32_Tub1_Lacerate 14,0,12,alive,,W1-2
2026-02-23,Mon,Grady,P1_H2_32_Tub1_Lacerate 15,0,12,alive,,W1-2
2026-02-23,Mon,Grady,P1_H2_32_Tub1_Lacerate 16,0,2,alive,,W1-2
2026-02-23,Mon,Grady,P1_H2_32_Tub1_Lacerate 17,0,3,alive,,W1-2
2026-02-23,Mon,Grady,P1_H2_32_Tub1_Lacerate 18,0,10,alive,,W1-2
2026-02-23,Mon,Grady,P1_H2_32_Tub1_Lacerate 19,0,12,alive,,W1-2
2026-02-23,Mon,Grady,P1_H2_32_Tub1_Lacerate 20,0,12,alive,,W1-2
2026-02-23,Mon,Grady,P1_H2_32_Tub1_Lacerate 21,0,11,alive,,W1-2
2026-02-23,Mon,Grady,P1_H2_32_Tub1_Lacerate 22,0,10,alive,,W1-2
2026-02-23,Mon,Grady,P1_H2_32_Tub1_Lacerate 23,0,11,alive,,W1-2
2026-02-23,Mon,Grady,P1_H2_32_Tub2_Lacerate 1,14,18,alive,,W1-2
2026-02-23,Mon,Grady,P2_H2_32_Tub2_Lacerate 2,14,11,alive,,W1-2
2026-02-23,Mon,Grady,P2_H2_32_Tub2_Lacerate 3,10,8,alive,,W1-2
2026-02-23,Mon,Grady,P1_H2_32_Tub2_Lacerate 4,7,7,alive,,W1-2
2026-02-23,Mon,Grady,P1_H2_32_Tub2_Lacerate 5,5,8,alive,,W1-2
2026-02-23,Mon,Grady,P2_H2_32_Tub2_Lacerate 6,5,3,alive,,W1-2
2026-02-23,Mon,Grady,P2_H2_32_Tub2_Lacerate 7,5,0,alive,,W1-2
2026-02-23,Mon,Grady,PX_H2_32_Tub2_Lacerate 8,5,11,alive,,W1-2
2026-02-23,Mon,Grady,P2_H2_32_Tub2_Lacerate 9,3,3,alive,,W1-2
2026-02-23,Mon,Grady,P2_H2_32_Tub2_Lacerate 10,3,5,alive,,W1-2
2026-02-23,Mon,Grady,P2_H2_32_Tub2_Lacerate 11,3,5,alive,,W1-2
2026-02-23,Mon,Grady,P1_H2_32_Tub2_Lacerate 12,3,7,alive,,W1-2
2026-02-23,Mon,Grady,P1_H2_32_Tub2_Lacerate 13,3,6,alive,,W1-2
2026-02-23,Mon,Grady,P1_H2_32_Tub2_Lacerate 14,3,3,alive,,W1-2
2026-02-23,Mon,Grady,P1_H2_32_Tub2_Lacerate 15,3,3,alive,,W1-2
2026-02-23,Mon,Grady,PX_H2_32_Tub2_Lacerate 16,0,8,alive,,W1-2
2026-02-23,Mon,Grady,PX_H2_32_Tub2_Lacerate 17,0,9,alive,,W1-2
2026-02-23,Mon,Grady,PX_H2_32_Tub2_Lacerate 18,0,10,alive,,W1-2
2026-02-23,Mon,Grady,P1_H2_32_Tub3_Lacerate 1,7,0,alive,,W1-2
2026-02-23,Mon,Grady,P2_H2_32_Tub3_Lacerate 2,7,0,alive,,W1-2
2026-02-23,Mon,Grady,P2_H2_32_Tub3_Lacerate 3,3,12,alive,,W1-2
2026-02-23,Mon,Grady,P3_H2_32_Tub3_Lacerate 4,3,5,alive,,W1-2
2026-02-23,Mon,Grady,P2_H2_32_Tub3_Lacerate 5,0,0,alive,,W1-2
2026-02-23,Mon,Grady,PX_H2_32_Tub3_Lacerate 6,0,11,alive,,W1-2
2026-02-23,Mon,Grady,PX_H2_32_Tub3_Lacerate 7,0,12,alive,,W1-2
2026-02-23,Mon,Grady,PX_H2_32_Tub3_Lacerate 8,0,12,alive,,W1-2
2026-02-23,Mon,Grady,PX_H2_32_Tub3_Lacerate 9,0,5,alive,,W1-2
2026-02-23,Mon,Grady,P1_VWA_32_Tub1_Lacerate 1,14,23,alive,,W1-2
2026-02-23,Mon,Grady,PX_VWA_32_Tub1_Lacerate 2,14,19,alive,,W1-2
2026-02-23,Mon,Grady,P1_VWA_32_Tub1_Lacerate 3,7,15,alive,,W1-2
2026-02-23,Mon,Grady,P1_VWA_32_Tub1_Lacerate 4,7,17,alive,,W1-2
2026-02-23,Mon,Grady,P1_VWA_32_Tub1_Lacerate 5,5,0,alive,,W1-2
2026-02-23,Mon,Grady,P1_VWA_32_Tub1_Lacerate 6,5,0,alive,,W1-2
2026-02-23,Mon,Grady,P1_VWA_32_Tub1_Lacerate 7,3,,missing,,W1-2
2026-02-23,Mon,Grady,P1_VWA_32_Tub1_Lacerate 8,3,,missing,,W1-2
2026-02-23,Mon,Grady,P3_VWA_32_Tub1_Lacerate 9,3,10,alive,,
2026-02-23,Mon,Grady,P2_VWA_32_Tub1_Lacerate 10,0,5,alive,,W1-2
2026-02-23,Mon,Grady,PX_VWA_32_Tub2_Lacerate 1,14,16,alive,,W1-2
2026-02-23,Mon,Grady,PX_VWA_32_Tub2_Lacerate 2,14,15,alive,,W1-2
2026-02-23,Mon,Grady,P1_VWA_32_Tub2_Lacerate 3,10,19,alive,,W1-2
2026-02-23,Mon,Grady,P1_VWA_32_Tub2_Lacerate 4,10,0,alive,,W1-2
2026-02-23,Mon,Grady,P3_VWA_32_Tub2_Lacerate 5,0,0,alive,,W1-2
2026-02-23,Mon,Grady,P2_VWA_32_Tub3_Lacerate 1,14,21,alive,,W1-2
2026-02-23,Mon,Grady,PX_VWA_32_Tub3_Lacerate 2,14,18,alive,,W1-2
2026-02-23,Mon,Grady,P2_VWA_32_Tub3_Lacerate 3,14,22,alive,,W1-2
2026-02-23,Mon,Grady,PX_VWA_32_Tub3_Lacerate 4,12,20,alive,,W1-2
2026-02-23,Mon,Grady,P1_VWA_32_Tub3_Lacerate 5,7,0,alive,,W1-2
2026-02-23,Mon,Grady,P1_VWA_32_Tub3_Lacerate 6,3,0,alive,,W1-2
2026-02-23,Mon,Grady,P1_VWA_32_Tub3_Lacerate 7,3,0,alive,,W1-2
2026-02-25,Wed,Grady,P1_H2_25_Tub2_Lacerate 13,0,0,alive,,W3-4
2026-02-25,Wed,Grady,P3_H2_25_Tub3_Lacerate 10,0,0,alive,,W3-4
2026-02-25,Wed,Grady,P3_H2_25_Tub3_Lacerate 11,0,0,alive,,W3-4
2026-02-25,Wed,Grady,P3_H2_25_Tub3_Lacerate 12,0,0,alive,,W3-4
2026-02-25,Wed,Grady,P3_H2_25_Tub3_Lacerate 13,0,0,alive,,W3-4
2026-02-25,Wed,Grady,P2_VWA_25_Tub1_Lacerate 14,0,0,alive,,W3-4
2026-02-25,Wed,Grady,P2_VWA_25_Tub1_Lacerate 15,0,0,alive,,W3-4
2026-02-25,Wed,Grady,P2_VWA_25_Tub1_Lacerate 16,0,0,alive,,W3-4
2026-02-25,Wed,Grady,P2_VWA_25_Tub1_Lacerate 17,0,0,alive,,W3-4
2026-02-25,Wed,Grady,P2_VWA_25_Tub1_Lacerate 18,0,0,alive,,W3-4
2026-02-25,Wed,Grady,P2_VWA_25_Tub1_Lacerate 19,0,0,alive,,W3-4
2026-02-25,Wed,Grady,P1_H2_32_Tub1_Lacerate 24,0,0,alive,,W3-4
2026-02-25,Wed,Grady,P1_H2_32_Tub1_Lacerate 25,0,0,alive,,W3-4
2026-02-25,Wed,Grady,P1_H2_32_Tub1_Lacerate 26,0,0,alive,,W3-4
2026-02-25,Wed,Grady,P1_H2_32_Tub2_Lacerate 19,0,0,alive,,W3-4
2026-02-25,Wed,Grady,P1_H2_32_Tub2_Lacerate 20,0,0,alive,,W3-4
2026-02-25,Wed,Grady,P1_H2_32_Tub2_Lacerate 21,0,0,alive,,W3-4
2026-02-25,Wed,Grady,P1_H2_32_Tub2_Lacerate 22,0,0,alive,,W3-4
2026-02-25,Wed,Grady,P1_H2_32_Tub2_Lacerate 23,0,0,alive,,W3-4
2026-02-25,Wed,Grady,P1_H2_32_Tub3_Lacerate 10,0,0,alive,,W3-4
2026-02-25,Wed,Grady,P1_VWA_32_Tub1_Lacerate 11,0,0,alive,,W3-4
2026-02-25,Wed,Grady,P3_VWA_32_Tub1_Lacerate 12,0,0,alive,,W3-4
2026-02-25,Wed,Grady,P1_VWA_32_Tub2_Lacerate 6,0,0,alive,,W3-4
2026-02-25,Wed,Grady,PX_VWA_32_Tub2_Lacerate 7,0,0,alive,,W3-4
2026-02-27,Fri,Aiden,P2_H2_25_Tub1_Lacerate 14,0,4,alive,,W3-4
2026-02-27,Fri,Aiden,P3_H2_25_Tub1_Lacerate 15,0,12,alive,,W3-4
2026-02-27,Fri,Aiden,P1_H2_25_Tub1_Lacerate 16,0,12,alive,,W3-4
2026-02-27,Fri,Aiden,P1_H2_25_Tub1_Lacerate 17,0,8,alive,,W3-4
2026-02-27,Fri,Aiden,PX_H2_25_Tub1_Lacerate 18,0,4,alive,,W3-4
2026-02-27,Fri,Aiden,P1_H2_25_Tub2_Lacerate 13,2,0,alive,,W3-4
2026-02-27,Fri,Aiden,P3_H2_25_Tub2_Lacerate 14,0,6,alive,,W3-4
2026-02-27,Fri,Aiden,P3_H2_25_Tub3_Lacerate 10,2,0,alive,,W3-4
2026-02-27,Fri,Aiden,P3_H2_25_Tub3_Lacerate 11,2,0,alive,,W3-4
2026-02-27,Fri,Aiden,P3_H2_25_Tub3_Lacerate 12,2,0,alive,,W3-4
2026-02-27,Fri,Aiden,P3_H2_25_Tub3_Lacerate 13,2,0,alive,,W3-4
2026-02-27,Fri,Aiden,PX_H2_25_Tub3_Lacerate 14,0,8,alive,,W3-4
2026-02-27,Fri,Aiden,P2_VWA_25_Tub1_Lacerate 14,2,0,alive,,W3-4
2026-02-27,Fri,Aiden,P2_VWA_25_Tub1_Lacerate 15,2,0,alive,,W3-4
2026-02-27,Fri,Aiden,P2_VWA_25_Tub1_Lacerate 16,2,0,alive,,W3-4
2026-02-27,Fri,Aiden,P2_VWA_25_Tub1_Lacerate 17,2,0,alive,,W3-4
2026-02-27,Fri,Aiden,P2_VWA_25_Tub1_Lacerate 18,2,0,alive,,W3-4
2026-02-27,Fri,Aiden,P2_VWA_25_Tub1_Lacerate 19,2,0,alive,,W3-4
2026-02-27,Fri,Aiden,P2_VWA_25_Tub1_Lacerate 20,0,0,alive,,W3-4
2026-02-27,Fri,Aiden,P2_VWA_25_Tub1_Lacerate 21,0,0,alive,,W3-4
2026-02-27,Fri,Aiden,P2_VWA_25_Tub1_Lacerate 22,0,0,alive,,W3-4
2026-02-27,Fri,Aiden,P2_VWA_25_Tub1_Lacerate 23,0,0,alive,,W3-4
2026-02-27,Fri,Aiden,P2_VWA_25_Tub1_Lacerate 24,0,10,alive,,W3-4
2026-02-27,Fri,Aiden,P2_VWA_25_Tub2_Lacerate 14,0,8,alive,,W3-4
2026-02-27,Fri,Aiden,P3_VWA_25_Tub3_Lacerate 5,0,0,alive,,W3-4
2026-02-27,Fri,Aiden,P3_VWA_25_Tub3_Lacerate 6,0,0,alive,,W3-4
2026-02-27,Fri,Aiden,P3_VWA_25_Tub3_Lacerate 7,0,0,alive,,W3-4
2026-02-27,Fri,Aiden,P3_VWA_25_Tub3_Lacerate 8,0,0,alive,,W3-4
2026-02-27,Fri,Aiden,P3_VWA_25_Tub3_Lacerate 9,0,0,alive,,W3-4
2026-02-27,Fri,Aiden,P3_VWA_25_Tub3_Lacerate 10,0,0,alive,,W3-4
2026-02-27,Fri,Aiden,P3_VWA_25_Tub3_Lacerate 11,0,0,alive,,W3-4
2026-02-27,Fri,Aiden,P3_VWA_25_Tub3_Lacerate 12,0,0,alive,,W3-4
2026-02-27,Fri,Aiden,P1_H2_32_Tub1_Lacerate 24,2,4,alive,,W3-4
2026-02-27,Fri,Aiden,P1_H2_32_Tub1_Lacerate 25,2,0,alive,,W3-4
2026-02-27,Fri,Aiden,P1_H2_32_Tub1_Lacerate 26,2,0,alive,,W3-4
2026-02-27,Fri,Aiden,P1_H2_32_Tub2_Lacerate 19,2,0,alive,,W3-4
2026-02-27,Fri,Aiden,P1_H2_32_Tub2_Lacerate 20,2,0,alive,,W3-4
2026-02-27,Fri,Aiden,P1_H2_32_Tub2_Lacerate 21,2,0,alive,,W3-4
2026-02-27,Fri,Aiden,P1_H2_32_Tub2_Lacerate 22,2,0,alive,,W3-4
2026-02-27,Fri,Aiden,P1_H2_32_Tub2_Lacerate 23,2,0,alive,,W3-4
2026-02-27,Fri,Aiden,P2_H2_32_Tub2_Lacerate 24,0,0,alive,,W3-4
2026-02-27,Fri,Aiden,P2_H2_32_Tub2_Lacerate 25,0,4,alive,,W3-4
2026-02-27,Fri,Aiden,P3_H2_32_Tub2_Lacerate 26,0,4,alive,,W3-4
2026-02-27,Fri,Aiden,P3_H2_32_Tub2_Lacerate 27,0,12,alive,,W3-4
2026-02-27,Fri,Aiden,P1_H2_32_Tub3_Lacerate 10,2,0,alive,,W3-4
2026-02-27,Fri,Aiden,P2_H2_32_Tub3_Lacerate 11,0,8,alive,,W3-4
2026-02-27,Fri,Aiden,P2_H2_32_Tub3_Lacerate 12,0,4,alive,,W3-4
2026-02-27,Fri,Aiden,P2_H2_32_Tub3_Lacerate 13,0,8,alive,,W3-4
2026-02-27,Fri,Aiden,P1_VWA_32_Tub1_Lacerate 11,2,0,alive,,W3-4
2026-02-27,Fri,Aiden,P3_VWA_32_Tub1_Lacerate 12,2,0,alive,,W3-4
2026-02-27,Fri,Aiden,P1_VWA_32_Tub1_Lacerate 13,0,0,alive,,W3-4
2026-02-27,Fri,Aiden,P1_VWA_32_Tub1_Lacerate 14,0,0,alive,,W3-4
2026-02-27,Fri,Aiden,P3_VWA_32_Tub1_Lacerate 15,0,0,alive,,W3-4
2026-02-27,Fri,Aiden,P3_VWA_32_Tub1_Lacerate 16,0,0,alive,,W3-4
2026-02-27,Fri,Aiden,P3_VWA_32_Tub1_Lacerate 17,0,0,alive,,W3-4
2026-02-27,Fri,Aiden,P3_VWA_32_Tub1_Lacerate 18,0,0,alive,,W3-4
2026-02-27,Fri,Aiden,P3_VWA_32_Tub1_Lacerate 19,0,0,alive,,W3-4
2026-02-27,Fri,Aiden,P2_VWA_32_Tub1_Lacerate 20,0,0,alive,,W3-4
2026-02-27,Fri,Aiden,P2_VWA_32_Tub1_Lacerate 21,0,0,alive,,W3-4
2026-02-27,Fri,Aiden,P2_VWA_32_Tub1_Lacerate 22,0,0,alive,,W3-4
2026-02-27,Fri,Aiden,P2_VWA_32_Tub1_Lacerate 23,0,0,alive,,W3-4
2026-02-27,Fri,Aiden,P2_VWA_32_Tub1_Lacerate 24,0,0,alive,,W3-4
2026-02-27,Fri,Aiden,P2_VWA_32_Tub1_Lacerate 25,0,0,alive,,W3-4
2026-02-27,Fri,Aiden,P1_VWA_32_Tub2_Lacerate 6,2,0,alive,,W3-4
2026-02-27,Fri,Aiden,PX_VWA_32_Tub2_Lacerate 7,2,0,alive,,W3-4
2026-03-02,Mon,Grady,P2_H2_25_Tub1_Lacerate 14,3,11,alive,,W3-4
2026-03-02,Mon,Grady,P3_H2_25_Tub1_Lacerate 15,3,,missing,,W3-4
2026-03-02,Mon,Grady,P1_H2_25_Tub1_Lacerate 16,3,4,alive,,W3-4
2026-03-02,Mon,Grady,P1_H2_25_Tub1_Lacerate 17,3,1,alive,,W3-4
2026-03-02,Mon,Grady,PX_H2_25_Tub1_Lacerate 18,3,8,alive,,W3-4
2026-03-02,Mon,Grady,P2_H2_25_Tub1_Lacerate 19,0,4,alive,,W3-4
2026-03-02,Mon,Grady,PX_H2_25_Tub1_Lacerate 20,0,7,alive,,W3-4
2026-03-02,Mon,Grady,PX_H2_25_Tub1_Lacerate 21,0,4,alive,,W3-4
2026-03-02,Mon,Grady,PX_H2_25_Tub1_Lacerate 22,0,6,alive,,W3-4
2026-03-02,Mon,Grady,PX_H2_25_Tub1_Lacerate 23,0,5,alive,,W3-4
2026-03-02,Mon,Grady,PX_H2_25_Tub1_Lacerate 24,0,4,alive,,W3-4
2026-03-02,Mon,Grady,PX_H2_25_Tub1_Lacerate 25,0,5,alive,,W3-4
2026-03-02,Mon,Grady,PX_H2_25_Tub1_Lacerate 26,0,6,alive,,W3-4
2026-03-02,Mon,Grady,PX_H2_25_Tub1_Lacerate 27,0,7,alive,,W3-4
2026-03-02,Mon,Grady,PX_H2_25_Tub1_Lacerate 28,0,4,alive,,W3-4
2026-03-02,Mon,Grady,PX_H2_25_Tub1_Lacerate 29,0,7,alive,,W3-4
2026-03-02,Mon,Grady,PX_H2_25_Tub1_Lacerate 30,0,4,alive,,W3-4
2026-03-02,Mon,Grady,PX_H2_25_Tub1_Lacerate 31,0,6,alive,,W3-4
2026-03-02,Mon,Grady,PX_H2_25_Tub1_Lacerate 32,0,4,alive,,W3-4
2026-03-02,Mon,Grady,P2_H2_25_Tub1_Lacerate 33,0,0,alive,,W3-4
2026-03-02,Mon,Grady,P2_H2_25_Tub1_Lacerate 34,0,0,alive,,W3-4
2026-03-02,Mon,Grady,P2_H2_25_Tub1_Lacerate 35,0,0,alive,,W3-4
2026-03-02,Mon,Grady,P2_H2_25_Tub1_Lacerate 36,0,0,alive,,W3-4
2026-03-02,Mon,Grady,P1_H2_25_Tub2_Lacerate 13,5,9,alive,,W3-4
2026-03-02,Mon,Grady,P3_H2_25_Tub2_Lacerate 14,3,7,alive,,W3-4
2026-03-02,Mon,Grady,P2_H2_25_Tub2_Lacerate 15,0,5,alive,,W3-4
2026-03-02,Mon,Grady,P2_H2_25_Tub2_Lacerate 16,0,10,alive,,W3-4
2026-03-02,Mon,Grady,P3_H2_25_Tub3_Lacerate 10,5,5,alive,,W3-4
2026-03-02,Mon,Grady,P3_H2_25_Tub3_Lacerate 11,5,0,alive,,W3-4
2026-03-02,Mon,Grady,P3_H2_25_Tub3_Lacerate 12,5,0,alive,,W3-4
2026-03-02,Mon,Grady,P3_H2_25_Tub3_Lacerate 13,5,0,alive,,W3-4
2026-03-02,Mon,Grady,PX_H2_25_Tub3_Lacerate 14,3,8,alive,,W3-4
2026-03-02,Mon,Grady,P3_H2_25_Tub3_Lacerate 15,0,5,alive,,W3-4
2026-03-02,Mon,Grady,P2_H2_25_Tub3_Lacerate 16,0,0,alive,,W3-4
2026-03-02,Mon,Grady,P2_H2_25_Tub3_Lacerate 17,0,6,alive,,W3-4
2026-03-02,Mon,Grady,P1_H2_25_Tub3_Lacerate 18,0,8,alive,,W3-4
2026-03-02,Mon,Grady,P2_VWA_25_Tub1_Lacerate 14,5,0,alive,,W3-4
2026-03-02,Mon,Grady,P2_VWA_25_Tub1_Lacerate 15,5,0,alive,,W3-4
2026-03-02,Mon,Grady,P2_VWA_25_Tub1_Lacerate 16,5,0,alive,,W3-4
2026-03-02,Mon,Grady,P2_VWA_25_Tub1_Lacerate 17,5,0,alive,,W3-4
2026-03-02,Mon,Grady,P2_VWA_25_Tub1_Lacerate 18,5,0,alive,,W3-4
2026-03-02,Mon,Grady,P2_VWA_25_Tub1_Lacerate 19,5,0,alive,,W3-4
2026-03-02,Mon,Grady,P2_VWA_25_Tub1_Lacerate 20,3,0,alive,,W3-4
2026-03-02,Mon,Grady,P2_VWA_25_Tub1_Lacerate 21,3,0,alive,,W3-4
2026-03-02,Mon,Grady,P2_VWA_25_Tub1_Lacerate 22,3,0,alive,,W3-4
2026-03-02,Mon,Grady,P2_VWA_25_Tub1_Lacerate 23,3,0,alive,,W3-4
2026-03-02,Mon,Grady,P2_VWA_25_Tub1_Lacerate 24,3,4,alive,,W3-4
2026-03-02,Mon,Grady,P3_VWA_25_Tub1_Lacerate 25,0,8,alive,,W3-4
2026-03-02,Mon,Grady,P2_VWA_25_Tub2_Lacerate 14,3,12,alive,,W3-4
2026-03-02,Mon,Grady,PX_VWA_25_Tub2_Lacerate 15,0,9,alive,,W3-4
2026-03-02,Mon,Grady,P3_VWA_25_Tub2_Lacerate 16,0,12,alive,,W3-4
2026-03-02,Mon,Grady,P3_VWA_25_Tub2_Lacerate 17,0,7,alive,,W3-4
2026-03-02,Mon,Grady,P3_VWA_25_Tub2_Lacerate 18,0,3,alive,,W3-4
2026-03-02,Mon,Grady,P3_VWA_25_Tub3_Lacerate 5,3,0,alive,,W3-4
2026-03-02,Mon,Grady,P3_VWA_25_Tub3_Lacerate 6,3,0,alive,,W3-4
2026-03-02,Mon,Grady,P3_VWA_25_Tub3_Lacerate 7,3,0,alive,,W3-4
2026-03-02,Mon,Grady,P3_VWA_25_Tub3_Lacerate 8,3,0,alive,,W3-4
2026-03-02,Mon,Grady,P3_VWA_25_Tub3_Lacerate 9,3,0,alive,,W3-4
2026-03-02,Mon,Grady,P3_VWA_25_Tub3_Lacerate 10,3,0,alive,,W3-4
2026-03-02,Mon,Grady,P3_VWA_25_Tub3_Lacerate 11,3,0,alive,,W3-4
2026-03-02,Mon,Grady,P3_VWA_25_Tub3_Lacerate 12,3,0,alive,,W3-4
2026-03-02,Mon,Grady,P2_VWA_25_Tub3_Lacerate 13,0,3,alive,,W3-4
2026-03-02,Mon,Grady,P2_VWA_25_Tub3_Lacerate 14,0,3,alive,,W3-4
2026-03-02,Mon,Grady,P2_VWA_25_Tub3_Lacerate 15,0,0,alive,,W3-4
2026-03-02,Mon,Grady,P2_VWA_25_Tub3_Lacerate 16,0,0,alive,,W3-4
2026-03-02,Mon,Grady,P1_VWA_25_Tub3_Lacerate 17,0,6,alive,,W3-4
2026-03-02,Mon,Grady,P1_H2_32_Tub1_Lacerate 24,5,3,alive,,W3-4
2026-03-02,Mon,Grady,P1_H2_32_Tub1_Lacerate 25,5,11,alive,,W3-4
2026-03-02,Mon,Grady,P1_H2_32_Tub1_Lacerate 26,5,11,alive,,W3-4
2026-03-02,Mon,Grady,P3_H2_32_Tub1_Lacerate 27,0,7,alive,,W3-4
2026-03-02,Mon,Grady,P2_H2_32_Tub1_Lacerate 28,0,0,alive,,W3-4
2026-03-02,Mon,Grady,P2_H2_32_Tub1_Lacerate 29,0,0,alive,,W3-4
2026-03-02,Mon,Grady,P2_H2_32_Tub1_Lacerate 30,0,0,alive,,W3-4
2026-03-02,Mon,Grady,P2_H2_32_Tub1_Lacerate 31,0,0,alive,,W3-4
2026-03-02,Mon,Grady,P2_H2_32_Tub1_Lacerate 32,0,7,alive,,W3-4
2026-03-02,Mon,Grady,P3_H2_32_Tub1_Lacerate 33,0,6,alive,,W3-4
2026-03-02,Mon,Grady,P3_H2_32_Tub1_Lacerate 34,0,10,alive,,W3-4
2026-03-02,Mon,Grady,P3_H2_32_Tub1_Lacerate 35,0,10,alive,,W3-4
2026-03-02,Mon,Grady,P1_H2_32_Tub2_Lacerate 19,5,0,alive,,W3-4
2026-03-02,Mon,Grady,P1_H2_32_Tub2_Lacerate 20,5,0,alive,,W3-4
2026-03-02,Mon,Grady,P1_H2_32_Tub2_Lacerate 21,5,0,alive,,W3-4
2026-03-02,Mon,Grady,P1_H2_32_Tub2_Lacerate 22,5,0,alive,,W3-4
2026-03-02,Mon,Grady,P1_H2_32_Tub2_Lacerate 23,5,0,alive,,W3-4
2026-03-02,Mon,Grady,P2_H2_32_Tub2_Lacerate 24,3,6,alive,,W3-4
2026-03-02,Mon,Grady,P2_H2_32_Tub2_Lacerate 25,3,0,alive,,W3-4
2026-03-02,Mon,Grady,P3_H2_32_Tub2_Lacerate 26,3,0,alive,,W3-4
2026-03-02,Mon,Grady,P3_H2_32_Tub2_Lacerate 27,3,0,alive,,W3-4
2026-03-02,Mon,Grady,P1_H2_32_Tub2_Lacerate 28,0,9,alive,,W3-4
2026-03-02,Mon,Grady,P2_H2_32_Tub2_Lacerate 29,0,6,alive,,W3-4
2026-03-02,Mon,Grady,P2_H2_32_Tub2_Lacerate 30,0,0,alive,,W3-4
2026-03-02,Mon,Grady,P2_H2_32_Tub2_Lacerate 31,0,0,alive,,W3-4
2026-03-02,Mon,Grady,P1_H2_32_Tub3_Lacerate 10,5,12,alive,,W3-4
2026-03-02,Mon,Grady,P2_H2_32_Tub3_Lacerate 11,3,8,alive,,W3-4
2026-03-02,Mon,Grady,P2_H2_32_Tub3_Lacerate 12,3,0,alive,,W3-4
2026-03-02,Mon,Grady,P2_H2_32_Tub3_Lacerate 13,3,0,alive,,W3-4
2026-03-02,Mon,Grady,PX_H2_32_Tub3_Lacerate 14,0,11,alive,,W3-4
2026-03-02,Mon,Grady,PX_H2_32_Tub3_Lacerate 15,0,11,alive,,W3-4
2026-03-02,Mon,Grady,PX_H2_32_Tub3_Lacerate 16,0,9,alive,,W3-4
2026-03-02,Mon,Grady,P1_H2_32_Tub3_Lacerate 17,0,7,alive,,W3-4
2026-03-02,Mon,Grady,P1_H2_32_Tub3_Lacerate 18,0,0,alive,,W3-4
2026-03-02,Mon,Grady,P2_H2_32_Tub3_Lacerate 19,0,6,alive,,W3-4
2026-03-02,Mon,Grady,P3_H2_32_Tub3_Lacerate 20,0,0,alive,,W3-4
2026-03-02,Mon,Grady,P3_H2_32_Tub3_Lacerate 21,0,0,alive,,W3-4
2026-03-02,Mon,Grady,P3_H2_32_Tub3_Lacerate 22,0,0,alive,,W3-4
2026-03-02,Mon,Grady,P3_H2_32_Tub3_Lacerate 23,0,0,alive,,W3-4
2026-03-02,Mon,Grady,P3_H2_32_Tub3_Lacerate 24,0,0,alive,,W3-4
2026-03-02,Mon,Grady,P1_VWA_32_Tub1_Lacerate 11,5,0,alive,,W3-4
2026-03-02,Mon,Grady,P3_VWA_32_Tub1_Lacerate 12,5,9,alive,,W3-4
2026-03-02,Mon,Grady,P1_VWA_32_Tub1_Lacerate 13,3,0,alive,,W3-4
2026-03-02,Mon,Grady,P1_VWA_32_Tub1_Lacerate 14,3,7,alive,,W3-4
2026-03-02,Mon,Grady,P3_VWA_32_Tub1_Lacerate 15,3,6,alive,,W3-4
2026-03-02,Mon,Grady,P3_VWA_32_Tub1_Lacerate 16,3,6,alive,,W3-4
2026-03-02,Mon,Grady,P3_VWA_32_Tub1_Lacerate 17,3,0,alive,,W3-4
2026-03-02,Mon,Grady,P3_VWA_32_Tub1_Lacerate 18,3,0,alive,,W3-4
2026-03-02,Mon,Grady,P3_VWA_32_Tub1_Lacerate 19,3,0,alive,,W3-4
2026-03-02,Mon,Grady,P2_VWA_32_Tub1_Lacerate 20,3,0,alive,,W3-4
2026-03-02,Mon,Grady,P2_VWA_32_Tub1_Lacerate 21,3,4,alive,,W3-4
2026-03-02,Mon,Grady,P2_VWA_32_Tub1_Lacerate 22,3,0,alive,,W3-4
2026-03-02,Mon,Grady,P2_VWA_32_Tub1_Lacerate 23,3,10,alive,,W3-4
2026-03-02,Mon,Grady,P2_VWA_32_Tub1_Lacerate 24,3,0,alive,,W3-4
2026-03-02,Mon,Grady,P2_VWA_32_Tub1_Lacerate 25,3,0,alive,,W3-4
2026-03-02,Mon,Grady,P1_VWA_32_Tub1_Lacerate 26,0,0,alive,,W3-4
2026-03-02,Mon,Grady,P1_VWA_32_Tub2_Lacerate 6,5,0,alive,,W3-4
2026-03-02,Mon,Grady,PX_VWA_32_Tub2_Lacerate 7,5,0,alive,,W3-4
2026-03-02,Mon,Grady,PX_VWA_32_Tub2_Lacerate 8,0,0,alive,,W3-4
2026-03-02,Mon,Grady,P2_VWA_32_Tub2_Lacerate 9,0,0,alive,,W3-4
2026-03-02,Mon,Grady,P2_VWA_32_Tub2_Lacerate 10,0,0,alive,,W3-4
2026-03-02,Mon,Grady,P2_VWA_32_Tub2_Lacerate 11,0,7,alive,,W3-4
2026-03-02,Mon,Grady,PX_VWA_32_Tub2_Lacerate 12,0,10,alive,,W3-4
2026-03-02,Mon,Grady,P3_VWA_32_Tub2_Lacerate 13,0,0,alive,,W3-4
2026-03-02,Mon,Grady,P3_VWA_32_Tub2_Lacerate 14,0,0,alive,,W3-4
2026-03-02,Mon,Grady,P1_VWA_32_Tub3_Lacerate 8,0,0,alive,,W3-4
2026-03-02,Mon,Grady,P3_VWA_32_Tub3_Lacerate 9,0,7,alive,,W3-4
2026-03-02,Mon,Grady,P3_VWA_32_Tub3_Lacerate 10,0,0,alive,,W3-4
2026-03-04,Wed,Grady,P2_H2_25_Tub1_Lacerate 14,5,12,alive,,W3-4
2026-03-04,Wed,Grady,P3_H2_25_Tub1_Lacerate 15,5,,missing,,W3-4
2026-03-04,Wed,Grady,P1_H2_25_Tub1_Lacerate 16,5,9,alive,,W3-4
2026-03-04,Wed,Grady,P1_H2_25_Tub1_Lacerate 17,5,9,alive,,W3-4
2026-03-04,Wed,Grady,PX_H2_25_Tub1_Lacerate 18,5,11,alive,,W3-4
2026-03-04,Wed,Grady,P2_H2_25_Tub1_Lacerate 19,2,6,alive,,W3-4
2026-03-04,Wed,Grady,PX_H2_25_Tub1_Lacerate 20,2,8,alive,,W3-4
2026-03-04,Wed,Grady,PX_H2_25_Tub1_Lacerate 21,2,7,alive,,W3-4
2026-03-04,Wed,Grady,PX_H2_25_Tub1_Lacerate 22,2,9,alive,,W3-4
2026-03-04,Wed,Grady,PX_H2_25_Tub1_Lacerate 23,2,8,alive,,W3-4
2026-03-04,Wed,Grady,PX_H2_25_Tub1_Lacerate 24,2,6,alive,,W3-4
2026-03-04,Wed,Grady,PX_H2_25_Tub1_Lacerate 25,2,6,alive,,W3-4
2026-03-04,Wed,Grady,PX_H2_25_Tub1_Lacerate 26,2,8,alive,,W3-4
2026-03-04,Wed,Grady,PX_H2_25_Tub1_Lacerate 27,2,9,alive,,W3-4
2026-03-04,Wed,Grady,PX_H2_25_Tub1_Lacerate 28,2,8,alive,,W3-4
2026-03-04,Wed,Grady,PX_H2_25_Tub1_Lacerate 29,2,9,alive,,W3-4
2026-03-04,Wed,Grady,PX_H2_25_Tub1_Lacerate 30,2,12,alive,,W3-4
2026-03-04,Wed,Grady,PX_H2_25_Tub1_Lacerate 31,2,9,alive,,W3-4
2026-03-04,Wed,Grady,PX_H2_25_Tub1_Lacerate 32,2,11,alive,,W3-4
2026-03-04,Wed,Grady,P2_H2_25_Tub1_Lacerate 33,2,12,alive,,W3-4
2026-03-04,Wed,Grady,P2_H2_25_Tub1_Lacerate 34,2,11,alive,,W3-4
2026-03-04,Wed,Grady,P2_H2_25_Tub1_Lacerate 35,2,11,alive,,W3-4
2026-03-04,Wed,Grady,P2_H2_25_Tub1_Lacerate 36,2,12,alive,,W3-4
2026-03-04,Wed,Grady,PX_H2_25_Tub1_Lacerate 37,0,8,alive,,W3-4
2026-03-04,Wed,Grady,PX_H2_25_Tub1_Lacerate 38,0,6,alive,,W3-4
2026-03-04,Wed,Grady,PX_H2_25_Tub1_Lacerate 39,0,13,alive,,W3-4
2026-03-04,Wed,Grady,P1_H2_25_Tub2_Lacerate 13,7,7,alive,,W3-4
2026-03-04,Wed,Grady,P3_H2_25_Tub2_Lacerate 14,5,5,alive,,W3-4
2026-03-04,Wed,Grady,P2_H2_25_Tub2_Lacerate 15,2,9,alive,,W3-4
2026-03-04,Wed,Grady,P2_H2_25_Tub2_Lacerate 16,2,10,alive,,W3-4
2026-03-04,Wed,Grady,P1_H2_25_Tub2_Lacerate 17,0,12,alive,,W3-4
2026-03-04,Wed,Grady,P1_H2_25_Tub2_Lacerate 18,0,10,alive,,W3-4
2026-03-04,Wed,Grady,P3_H2_25_Tub3_Lacerate 10,7,7,alive,,W3-4
2026-03-04,Wed,Grady,P3_H2_25_Tub3_Lacerate 11,7,6,alive,,W3-4
2026-03-04,Wed,Grady,P3_H2_25_Tub3_Lacerate 12,7,0,alive,,W3-4
2026-03-04,Wed,Grady,P3_H2_25_Tub3_Lacerate 13,7,0,alive,,W3-4
2026-03-04,Wed,Grady,PX_H2_25_Tub3_Lacerate 14,5,10,alive,,W3-4
2026-03-04,Wed,Grady,P3_H2_25_Tub3_Lacerate 15,2,6,alive,,W3-4
2026-03-04,Wed,Grady,P2_H2_25_Tub3_Lacerate 16,2,11,alive,,W3-4
2026-03-04,Wed,Grady,P2_H2_25_Tub3_Lacerate 17,2,8,alive,,W3-4
2026-03-04,Wed,Grady,P1_H2_25_Tub3_Lacerate 18,2,12,alive,,W3-4
2026-03-04,Wed,Grady,P1_H2_25_Tub3_Lacerate 19,0,4,alive,,W3-4
2026-03-04,Wed,Grady,PX_H2_25_Tub3_Lacerate 20,0,1,alive,,W3-4
2026-03-04,Wed,Grady,P2_VWA_25_Tub1_Lacerate 14,7,5,alive,,W3-4
2026-03-04,Wed,Grady,P2_VWA_25_Tub1_Lacerate 15,7,5,alive,,W3-4
2026-03-04,Wed,Grady,P2_VWA_25_Tub1_Lacerate 16,7,0,alive,,W3-4
2026-03-04,Wed,Grady,P2_VWA_25_Tub1_Lacerate 17,7,,missing,,W3-4
2026-03-04,Wed,Grady,P2_VWA_25_Tub1_Lacerate 18,7,0,alive,,W3-4
2026-03-04,Wed,Grady,P2_VWA_25_Tub1_Lacerate 19,7,0,alive,,W3-4
2026-03-04,Wed,Grady,P2_VWA_25_Tub1_Lacerate 20,5,0,alive,,W3-4
2026-03-04,Wed,Grady,P2_VWA_25_Tub1_Lacerate 21,5,0,alive,,W3-4
2026-03-04,Wed,Grady,P2_VWA_25_Tub1_Lacerate 22,5,0,alive,,W3-4
2026-03-04,Wed,Grady,P2_VWA_25_Tub1_Lacerate 23,5,0,alive,,W3-4
2026-03-04,Wed,Grady,P2_VWA_25_Tub1_Lacerate 24,5,12,alive,,W3-4
2026-03-04,Wed,Grady,P3_VWA_25_Tub1_Lacerate 25,2,11,alive,,W3-4
2026-03-04,Wed,Grady,P1_VWA_25_Tub1_Lacerate 26,0,0,alive,,W3-4
2026-03-04,Wed,Grady,P1_VWA_25_Tub1_Lacerate 27,0,0,alive,,W3-4
2026-03-04,Wed,Grady,P1_VWA_25_Tub1_Lacerate 28,0,0,alive,,W3-4
2026-03-04,Wed,Grady,P1_VWA_25_Tub1_Lacerate 29,0,0,alive,,W3-4
2026-03-04,Wed,Grady,P1_VWA_25_Tub1_Lacerate 30,0,0,alive,,W3-4
2026-03-04,Wed,Grady,P1_VWA_25_Tub1_Lacerate 31,0,0,alive,,W3-4
2026-03-04,Wed,Grady,P1_VWA_25_Tub1_Lacerate 32,0,0,alive,,W3-4
2026-03-04,Wed,Grady,P1_VWA_25_Tub1_Lacerate 33,0,0,alive,,W3-4
2026-03-04,Wed,Grady,P1_VWA_25_Tub1_Lacerate 34,0,0,alive,,W3-4
2026-03-04,Wed,Grady,P1_VWA_25_Tub1_Lacerate 35,0,0,alive,,W3-4
2026-03-04,Wed,Grady,P1_VWA_25_Tub1_Lacerate 36,0,0,alive,,W3-4
2026-03-04,Wed,Grady,P2_VWA_25_Tub1_Lacerate 37,0,0,alive,,W3-4
2026-03-04,Wed,Grady,P2_VWA_25_Tub1_Lacerate 38,0,0,alive,,W3-4
2026-03-04,Wed,Grady,P2_VWA_25_Tub1_Lacerate 39,0,0,alive,,W3-4
2026-03-04,Wed,Grady,P2_VWA_25_Tub1_Lacerate 40,0,0,alive,,W3-4
2026-03-04,Wed,Grady,P2_VWA_25_Tub1_Lacerate 41,0,0,alive,,W3-4
2026-03-04,Wed,Grady,P2_VWA_25_Tub1_Lacerate 42,0,0,alive,,W3-4
2026-03-04,Wed,Grady,P2_VWA_25_Tub1_Lacerate 43,0,0,alive,,W3-4
2026-03-04,Wed,Grady,P2_VWA_25_Tub1_Lacerate 44,0,0,alive,,W3-4
2026-03-04,Wed,Grady,P2_VWA_25_Tub2_Lacerate 14,5,4,alive,,W3-4
2026-03-04,Wed,Grady,PX_VWA_25_Tub2_Lacerate 15,2,12,alive,,W3-4
2026-03-04,Wed,Grady,P3_VWA_25_Tub2_Lacerate 16,2,12,alive,,W3-4
2026-03-04,Wed,Grady,P3_VWA_25_Tub2_Lacerate 17,2,11,alive,,W3-4
2026-03-04,Wed,Grady,P3_VWA_25_Tub2_Lacerate 18,2,4,alive,,W3-4
2026-03-04,Wed,Grady,P1_VWA_25_Tub2_Lacerate 19,0,0,alive,,W3-4
2026-03-04,Wed,Grady,P1_VWA_25_Tub2_Lacerate 20,0,0,alive,,W3-4
2026-03-04,Wed,Grady,P1_VWA_25_Tub2_Lacerate 21,0,0,alive,,W3-4
2026-03-04,Wed,Grady,P1_VWA_25_Tub2_Lacerate 22,0,0,alive,,W3-4
2026-03-04,Wed,Grady,P1_VWA_25_Tub2_Lacerate 23,0,0,alive,,W3-4
2026-03-04,Wed,Grady,P1_VWA_25_Tub2_Lacerate 24,0,0,alive,,W3-4
2026-03-04,Wed,Grady,PX_VWA_25_Tub2_Lacerate 25,0,4,alive,,W3-4
2026-03-04,Wed,Grady,P2_VWA_25_Tub2_Lacerate 26,0,10,alive,,W3-4
2026-03-04,Wed,Grady,PX_VWA_25_Tub2_Lacerate 27,0,8,alive,,W3-4
2026-03-04,Wed,Grady,P3_VWA_25_Tub3_Lacerate 5,5,0,alive,,W3-4
2026-03-04,Wed,Grady,P3_VWA_25_Tub3_Lacerate 6,5,0,alive,,W3-4
2026-03-04,Wed,Grady,P3_VWA_25_Tub3_Lacerate 7,5,0,alive,,W3-4
2026-03-04,Wed,Grady,P3_VWA_25_Tub3_Lacerate 8,5,0,alive,,W3-4
2026-03-04,Wed,Grady,P3_VWA_25_Tub3_Lacerate 9,5,0,alive,,W3-4
2026-03-04,Wed,Grady,P3_VWA_25_Tub3_Lacerate 10,5,0,alive,,W3-4
2026-03-04,Wed,Grady,P3_VWA_25_Tub3_Lacerate 11,5,0,alive,,W3-4
2026-03-04,Wed,Grady,P3_VWA_25_Tub3_Lacerate 12,5,0,alive,,W3-4
2026-03-04,Wed,Grady,P2_VWA_25_Tub3_Lacerate 13,2,10,alive,,W3-4
2026-03-04,Wed,Grady,P2_VWA_25_Tub3_Lacerate 14,2,,missing,,W3-4
2026-03-04,Wed,Grady,P2_VWA_25_Tub3_Lacerate 15,2,,missing,,W3-4
2026-03-04,Wed,Grady,P2_VWA_25_Tub3_Lacerate 16,2,3,alive,,W3-4
2026-03-04,Wed,Grady,P1_VWA_25_Tub3_Lacerate 17,2,8,alive,,W3-4
2026-03-04,Wed,Grady,P1_VWA_25_Tub3_Lacerate 18,0,6,alive,,W3-4
2026-03-04,Wed,Grady,P1_VWA_25_Tub3_Lacerate 19,0,0,alive,,W3-4
2026-03-04,Wed,Grady,P3_VWA_25_Tub3_Lacerate 20,0,0,alive,,W3-4
2026-03-04,Wed,Grady,P3_VWA_25_Tub3_Lacerate 21,0,0,alive,,W3-4
2026-03-04,Wed,Grady,P3_VWA_25_Tub3_Lacerate 22,0,0,alive,,W3-4
2026-03-04,Wed,Grady,P2_VWA_25_Tub3_Lacerate 23,0,0,alive,,W3-4
2026-03-04,Wed,Grady,P2_VWA_25_Tub3_Lacerate 24,0,0,alive,,W3-4
2026-03-04,Wed,Grady,P2_VWA_25_Tub3_Lacerate 25,0,0,alive,,W3-4
2026-03-04,Wed,Grady,P2_VWA_25_Tub3_Lacerate 26,0,0,alive,,W3-4
2026-03-04,Wed,Grady,P2_VWA_25_Tub3_Lacerate 27,0,0,alive,,W3-4
2026-03-04,Wed,Grady,P2_VWA_25_Tub3_Lacerate 28,0,0,alive,,W3-4
2026-03-04,Wed,Grady,P2_VWA_25_Tub3_Lacerate 29,0,0,alive,,W3-4
2026-03-04,Wed,Grady,P2_VWA_25_Tub3_Lacerate 30,0,0,alive,,W3-4
2026-03-04,Wed,Grady,P2_VWA_25_Tub3_Lacerate 31,0,0,alive,,W3-4
2026-03-04,Wed,Grady,P2_VWA_25_Tub3_Lacerate 32,0,0,alive,,W3-4
2026-03-04,Wed,Grady,P2_VWA_25_Tub3_Lacerate 33,0,6,alive,,W3-4
2026-03-04,Wed,Grady,P1_H2_32_Tub1_Lacerate 24,7,0,alive,,W3-4
2026-03-04,Wed,Grady,P1_H2_32_Tub1_Lacerate 25,7,12,alive,,W3-4
2026-03-04,Wed,Grady,P1_H2_32_Tub1_Lacerate 26,7,11,alive,,W3-4
2026-03-04,Wed,Grady,P3_H2_32_Tub1_Lacerate 27,2,3,alive,,W3-4
2026-03-04,Wed,Grady,P2_H2_32_Tub1_Lacerate 28,2,2,alive,,W3-4
2026-03-04,Wed,Grady,P2_H2_32_Tub1_Lacerate 29,2,5,alive,,W3-4
2026-03-04,Wed,Grady,P2_H2_32_Tub1_Lacerate 30,2,12,alive,,W3-4
2026-03-04,Wed,Grady,P2_H2_32_Tub1_Lacerate 31,2,6,alive,,W3-4
2026-03-04,Wed,Grady,P2_H2_32_Tub1_Lacerate 32,2,10,alive,,W3-4
2026-03-04,Wed,Grady,P3_H2_32_Tub1_Lacerate 33,2,,missing,,W3-4
2026-03-04,Wed,Grady,P3_H2_32_Tub1_Lacerate 34,2,12,alive,,W3-4
2026-03-04,Wed,Grady,P3_H2_32_Tub1_Lacerate 35,2,12,alive,,W3-4
2026-03-04,Wed,Grady,P1_H2_32_Tub1_Lacerate 36,0,0,alive,,W3-4
2026-03-04,Wed,Grady,P1_H2_32_Tub1_Lacerate 37,0,6,alive,,W3-4
2026-03-04,Wed,Grady,P1_H2_32_Tub1_Lacerate 38,0,11,alive,,W3-4
2026-03-04,Wed,Grady,P1_H2_32_Tub1_Lacerate 39,0,14,alive,,W3-4
2026-03-04,Wed,Grady,P1_H2_32_Tub1_Lacerate 40,0,3,alive,,W3-4
2026-03-04,Wed,Grady,PX_H2_32_Tub1_Lacerate 41,0,0,alive,,W3-4
2026-03-04,Wed,Grady,PX_H2_32_Tub1_Lacerate 42,0,11,alive,,W3-4
2026-03-04,Wed,Grady,PX_H2_32_Tub1_Lacerate 43,0,3,alive,,W3-4
2026-03-04,Wed,Grady,PX_H2_32_Tub1_Lacerate 44,0,0,alive,,W3-4
2026-03-04,Wed,Grady,PX_H2_32_Tub1_Lacerate 45,0,0,alive,,W3-4
2026-03-04,Wed,Grady,PX_H2_32_Tub1_Lacerate 46,0,0,alive,,W3-4
2026-03-04,Wed,Grady,PX_H2_32_Tub1_Lacerate 47,0,0,alive,,W3-4
2026-03-04,Wed,Grady,P1_H2_32_Tub2_Lacerate 19,7,5,alive,,W3-4
2026-03-04,Wed,Grady,P1_H2_32_Tub2_Lacerate 20,7,0,alive,,W3-4
2026-03-04,Wed,Grady,P1_H2_32_Tub2_Lacerate 21,7,0,alive,,W3-4
2026-03-04,Wed,Grady,P1_H2_32_Tub2_Lacerate 22,7,0,alive,,W3-4
2026-03-04,Wed,Grady,P1_H2_32_Tub2_Lacerate 23,7,0,alive,,W3-4
2026-03-04,Wed,Grady,P2_H2_32_Tub2_Lacerate 24,5,2,alive,,W3-4
2026-03-04,Wed,Grady,P2_H2_32_Tub2_Lacerate 25,5,5,alive,,W3-4
2026-03-04,Wed,Grady,P3_H2_32_Tub2_Lacerate 26,5,4,alive,,W3-4
2026-03-04,Wed,Grady,P3_H2_32_Tub2_Lacerate 27,5,0,alive,,W3-4
2026-03-04,Wed,Grady,P1_H2_32_Tub2_Lacerate 28,2,0,alive,,W3-4
2026-03-04,Wed,Grady,P2_H2_32_Tub2_Lacerate 29,2,0,alive,,W3-4
2026-03-04,Wed,Grady,P2_H2_32_Tub2_Lacerate 30,2,0,alive,,W3-4
2026-03-04,Wed,Grady,P2_H2_32_Tub2_Lacerate 31,2,0,alive,,W3-4
2026-03-04,Wed,Grady,P3_H2_32_Tub2_Lacerate 32,0,0,alive,,W3-4
2026-03-04,Wed,Grady,P3_H2_32_Tub2_Lacerate 33,0,0,alive,,W3-4
2026-03-04,Wed,Grady,P2_H2_32_Tub2_Lacerate 34,0,0,alive,,W3-4
2026-03-04,Wed,Grady,P2_H2_32_Tub2_Lacerate 35,0,0,alive,,W3-4
2026-03-04,Wed,Grady,PX_H2_32_Tub2_Lacerate 36,0,9,alive,,W3-4
2026-03-04,Wed,Grady,PX_H2_32_Tub2_Lacerate 37,0,12,alive,,W3-4
2026-03-04,Wed,Grady,PX_H2_32_Tub2_Lacerate 38,0,12,alive,,W3-4
2026-03-04,Wed,Grady,P2_H2_32_Tub2_Lacerate 39,0,10,alive,,W3-4
2026-03-04,Wed,Grady,P2_H2_32_Tub2_Lacerate 40,0,6,alive,,W3-4
2026-03-04,Wed,Grady,P2_H2_32_Tub2_Lacerate 41,0,4,alive,,W3-4
2026-03-04,Wed,Grady,P1_H2_32_Tub3_Lacerate 10,7,11,alive,,W3-4
2026-03-04,Wed,Grady,P2_H2_32_Tub3_Lacerate 11,5,0,alive,,W3-4
2026-03-04,Wed,Grady,P2_H2_32_Tub3_Lacerate 12,5,0,alive,,W3-4
2026-03-04,Wed,Grady,P2_H2_32_Tub3_Lacerate 13,5,0,alive,,W3-4
2026-03-04,Wed,Grady,PX_H2_32_Tub3_Lacerate 14,2,10,alive,,W3-4
2026-03-04,Wed,Grady,PX_H2_32_Tub3_Lacerate 15,2,6,alive,,W3-4
2026-03-04,Wed,Grady,PX_H2_32_Tub3_Lacerate 16,2,12,alive,,W3-4
2026-03-04,Wed,Grady,P1_H2_32_Tub3_Lacerate 17,2,9,alive,,W3-4
2026-03-04,Wed,Grady,P1_H2_32_Tub3_Lacerate 18,2,0,alive,,W3-4
2026-03-04,Wed,Grady,P2_H2_32_Tub3_Lacerate 19,2,7,alive,,W3-4
2026-03-04,Wed,Grady,P3_H2_32_Tub3_Lacerate 20,2,0,alive,,W3-4
2026-03-04,Wed,Grady,P3_H2_32_Tub3_Lacerate 21,2,0,alive,,W3-4
2026-03-04,Wed,Grady,P3_H2_32_Tub3_Lacerate 22,2,12,alive,,W3-4
2026-03-04,Wed,Grady,P3_H2_32_Tub3_Lacerate 23,2,9,alive,,W3-4
2026-03-04,Wed,Grady,P3_H2_32_Tub3_Lacerate 24,2,0,alive,,W3-4
2026-03-04,Wed,Grady,P3_H2_32_Tub3_Lacerate 25,0,0,alive,,W3-4
2026-03-04,Wed,Grady,P3_H2_32_Tub3_Lacerate 26,0,0,alive,,W3-4
2026-03-04,Wed,Grady,P2_H2_32_Tub3_Lacerate 27,0,0,alive,,W3-4
2026-03-04,Wed,Grady,P2_H2_32_Tub3_Lacerate 28,0,11,alive,,W3-4
2026-03-04,Wed,Grady,P1_H2_32_Tub3_Lacerate 29,0,3,alive,,W3-4
2026-03-04,Wed,Grady,P1_H2_32_Tub3_Lacerate 30,0,12,alive,,W3-4
2026-03-04,Wed,Grady,P1_H2_32_Tub3_Lacerate 31,0,11,alive,,W3-4
2026-03-04,Wed,Grady,P1_VWA_32_Tub1_Lacerate 11,7,10,alive,,W3-4
2026-03-04,Wed,Grady,P3_VWA_32_Tub1_Lacerate 12,7,11,alive,,W3-4
2026-03-04,Wed,Grady,P1_VWA_32_Tub1_Lacerate 13,5,,missing,,W3-4
2026-03-04,Wed,Grady,P1_VWA_32_Tub1_Lacerate 14,5,,missing,,W3-4
2026-03-04,Wed,Grady,P3_VWA_32_Tub1_Lacerate 15,5,9,alive,,W3-4
2026-03-04,Wed,Grady,P3_VWA_32_Tub1_Lacerate 16,5,12,alive,,W3-4
2026-03-04,Wed,Grady,P3_VWA_32_Tub1_Lacerate 17,5,10,alive,,W3-4
2026-03-04,Wed,Grady,P3_VWA_32_Tub1_Lacerate 18,5,0,alive,,W3-4
2026-03-04,Wed,Grady,P3_VWA_32_Tub1_Lacerate 19,5,0,alive,,W3-4
2026-03-04,Wed,Grady,P2_VWA_32_Tub1_Lacerate 20,5,7,alive,,W3-4
2026-03-04,Wed,Grady,P2_VWA_32_Tub1_Lacerate 21,5,12,alive,,W3-4
2026-03-04,Wed,Grady,P2_VWA_32_Tub1_Lacerate 22,5,12,alive,,W3-4
2026-03-04,Wed,Grady,P2_VWA_32_Tub1_Lacerate 23,5,16,alive,,W3-4
2026-03-04,Wed,Grady,P2_VWA_32_Tub1_Lacerate 24,5,0,alive,,W3-4
2026-03-04,Wed,Grady,P2_VWA_32_Tub1_Lacerate 25,5,4,alive,,W3-4
2026-03-04,Wed,Grady,P1_VWA_32_Tub1_Lacerate 26,2,0,alive,,W3-4
2026-03-04,Wed,Grady,P2_VWA_32_Tub1_Lacerate 27,0,0,alive,,W3-4
2026-03-04,Wed,Grady,P2_VWA_32_Tub1_Lacerate 28,0,0,alive,,W3-4
2026-03-04,Wed,Grady,P3_VWA_32_Tub1_Lacerate 29,0,0,alive,,W3-4
2026-03-04,Wed,Grady,P3_VWA_32_Tub1_Lacerate 30,0,0,alive,,W3-4
2026-03-04,Wed,Grady,P3_VWA_32_Tub1_Lacerate 31,0,0,alive,,W3-4
2026-03-04,Wed,Grady,P3_VWA_32_Tub1_Lacerate 32,0,0,alive,,W3-4
2026-03-04,Wed,Grady,P1_VWA_32_Tub1_Lacerate 33,0,0,alive,,W3-4
2026-03-04,Wed,Grady,P1_VWA_32_Tub1_Lacerate 34,0,0,alive,,W3-4
2026-03-04,Wed,Grady,P1_VWA_32_Tub1_Lacerate 35,0,0,alive,,W3-4
2026-03-04,Wed,Grady,P1_VWA_32_Tub1_Lacerate 36,0,0,alive,,W3-4
2026-03-04,Wed,Grady,P1_VWA_32_Tub1_Lacerate 37,0,0,alive,,W3-4
2026-03-04,Wed,Grady,P1_VWA_32_Tub1_Lacerate 38,0,0,alive,,W3-4
2026-03-04,Wed,Grady,P1_VWA_32_Tub1_Lacerate 39,0,0,alive,,W3-4
2026-03-04,Wed,Grady,P1_VWA_32_Tub1_Lacerate 40,0,0,alive,,W3-4
2026-03-04,Wed,Grady,P1_VWA_32_Tub1_Lacerate 41,0,0,alive,,W3-4
2026-03-04,Wed,Grady,P1_VWA_32_Tub1_Lacerate 42,0,0,alive,,W3-4
2026-03-04,Wed,Grady,P1_VWA_32_Tub1_Lacerate 43,0,0,alive,,W3-4
2026-03-04,Wed,Grady,P1_VWA_32_Tub1_Lacerate 44,0,0,alive,,W3-4
2026-03-04,Wed,Grady,PX_VWA_32_Tub1_Lacerate 45,0,11,alive,,W3-4
2026-03-04,Wed,Grady,PX_VWA_32_Tub1_Lacerate 46,0,7,alive,,W3-4
2026-03-04,Wed,Grady,P1_VWA_32_Tub2_Lacerate 6,7,0,alive,,W3-4
2026-03-04,Wed,Grady,PX_VWA_32_Tub2_Lacerate 7,7,11,alive,,W3-4
2026-03-04,Wed,Grady,PX_VWA_32_Tub2_Lacerate 8,2,8,alive,,W3-4
2026-03-04,Wed,Grady,P2_VWA_32_Tub2_Lacerate 9,2,0,alive,,W3-4
2026-03-04,Wed,Grady,P2_VWA_32_Tub2_Lacerate 10,2,5,alive,,W3-4
2026-03-04,Wed,Grady,P2_VWA_32_Tub2_Lacerate 11,2,9,alive,,W3-4
2026-03-04,Wed,Grady,PX_VWA_32_Tub2_Lacerate 12,2,14,alive,,W3-4
2026-03-04,Wed,Grady,P3_VWA_32_Tub2_Lacerate 13,2,0,alive,,W3-4
2026-03-04,Wed,Grady,P3_VWA_32_Tub2_Lacerate 14,2,0,alive,,W3-4
2026-03-04,Wed,Grady,P1_VWA_32_Tub2_Lacerate 15,0,0,alive,,W3-4
2026-03-04,Wed,Grady,P1_VWA_32_Tub2_Lacerate 16,0,0,alive,,W3-4
2026-03-04,Wed,Grady,P1_VWA_32_Tub2_Lacerate 17,0,0,alive,,W3-4
2026-03-04,Wed,Grady,P1_VWA_32_Tub2_Lacerate 18,0,0,alive,,W3-4
2026-03-04,Wed,Grady,P1_VWA_32_Tub3_Lacerate 8,2,9,alive,,W3-4
2026-03-04,Wed,Grady,P3_VWA_32_Tub3_Lacerate 9,2,0,alive,,W3-4
2026-03-04,Wed,Grady,P3_VWA_32_Tub3_Lacerate 10,2,10,alive,,W3-4
2026-03-04,Wed,Grady,P2_VWA_32_Tub3_Lacerate 11,0,0,alive,,W3-4
2026-03-04,Wed,Grady,P2_VWA_32_Tub3_Lacerate 12,0,0,alive,,W3-4
2026-03-04,Wed,Grady,P3_VWA_32_Tub3_Lacerate 13,0,0,alive,,W3-4
2026-03-04,Wed,Grady,P3_VWA_32_Tub3_Lacerate 14,0,0,alive,,W3-4
2026-03-04,Wed,Grady,P3_VWA_32_Tub3_Lacerate 15,0,0,alive,,W3-4
2026-03-04,Wed,Grady,P3_VWA_32_Tub3_Lacerate 16,0,0,alive,,W3-4
2026-03-04,Wed,Grady,P3_VWA_32_Tub3_Lacerate 17,0,0,alive,,W3-4
2026-03-06,Fri,Aiden,P2_H2_25_Tub1_Lacerate 14,7,12,alive,,W3-4
2026-03-06,Fri,Aiden,P3_H2_25_Tub1_Lacerate 15,7,,missing,,W3-4
2026-03-06,Fri,Aiden,P1_H2_25_Tub1_Lacerate 16,7,10,alive,,W3-4
2026-03-06,Fri,Aiden,P1_H2_25_Tub1_Lacerate 17,7,9,alive,,W3-4
2026-03-06,Fri,Aiden,PX_H2_25_Tub1_Lacerate 18,7,12,alive,,W3-4
2026-03-06,Fri,Aiden,P2_H2_25_Tub1_Lacerate 19,4,10,alive,,W3-4
2026-03-06,Fri,Aiden,PX_H2_25_Tub1_Lacerate 20,4,9,alive,,W3-4
2026-03-06,Fri,Aiden,PX_H2_25_Tub1_Lacerate 21,4,9,alive,,W3-4
2026-03-06,Fri,Aiden,PX_H2_25_Tub1_Lacerate 22,4,9,alive,,W3-4
2026-03-06,Fri,Aiden,PX_H2_25_Tub1_Lacerate 23,4,8,alive,,W3-4
2026-03-06,Fri,Aiden,PX_H2_25_Tub1_Lacerate 24,4,9,alive,,W3-4
2026-03-06,Fri,Aiden,PX_H2_25_Tub1_Lacerate 25,4,6,alive,,W3-4
2026-03-06,Fri,Aiden,PX_H2_25_Tub1_Lacerate 26,4,10,alive,,W3-4
2026-03-06,Fri,Aiden,PX_H2_25_Tub1_Lacerate 27,4,9,alive,,W3-4
2026-03-06,Fri,Aiden,PX_H2_25_Tub1_Lacerate 28,4,8,alive,,W3-4
2026-03-06,Fri,Aiden,PX_H2_25_Tub1_Lacerate 29,4,12,alive,,W3-4
2026-03-06,Fri,Aiden,PX_H2_25_Tub1_Lacerate 30,4,12,alive,,W3-4
2026-03-06,Fri,Aiden,PX_H2_25_Tub1_Lacerate 31,4,10,alive,,W3-4
2026-03-06,Fri,Aiden,PX_H2_25_Tub1_Lacerate 32,4,11,alive,,W3-4
2026-03-06,Fri,Aiden,P2_H2_25_Tub1_Lacerate 33,4,12,alive,,W3-4
2026-03-06,Fri,Aiden,P2_H2_25_Tub1_Lacerate 34,4,12,alive,,W3-4
2026-03-06,Fri,Aiden,P2_H2_25_Tub1_Lacerate 35,4,12,alive,,W3-4
2026-03-06,Fri,Aiden,P2_H2_25_Tub1_Lacerate 36,4,12,alive,,W3-4
2026-03-06,Fri,Aiden,PX_H2_25_Tub1_Lacerate 37,2,8,alive,,W3-4
2026-03-06,Fri,Aiden,PX_H2_25_Tub1_Lacerate 38,2,6,alive,,W3-4
2026-03-06,Fri,Aiden,PX_H2_25_Tub1_Lacerate 39,2,14,alive,,W3-4
2026-03-06,Fri,Aiden,P2_H2_25_Tub1_Lacerate 40,0,6,alive,,W3-4
2026-03-06,Fri,Aiden,P2_H2_25_Tub1_Lacerate 41,0,6,alive,,W3-4
2026-03-06,Fri,Aiden,P2_H2_25_Tub1_Lacerate 42,0,6,alive,,W3-4
2026-03-06,Fri,Aiden,P1_H2_25_Tub2_Lacerate 13,9,8,alive,,W3-4
2026-03-06,Fri,Aiden,P3_H2_25_Tub2_Lacerate 14,7,6,alive,,W3-4
2026-03-06,Fri,Aiden,P2_H2_25_Tub2_Lacerate 15,4,9,alive,,W3-4
2026-03-06,Fri,Aiden,P2_H2_25_Tub2_Lacerate 16,4,10,alive,,W3-4
2026-03-06,Fri,Aiden,P1_H2_25_Tub2_Lacerate 17,2,13,alive,,W3-4
2026-03-06,Fri,Aiden,P1_H2_25_Tub2_Lacerate 18,2,10,alive,,W3-4
2026-03-06,Fri,Aiden,P2_H2_25_Tub2_Lacerate 19,0,4,alive,,W3-4
2026-03-06,Fri,Aiden,P2_H2_25_Tub2_Lacerate 20,0,5,alive,,W3-4
2026-03-06,Fri,Aiden,P3_H2_25_Tub3_Lacerate 10,9,8,alive,,W3-4
2026-03-06,Fri,Aiden,P3_H2_25_Tub3_Lacerate 11,9,6,alive,,W3-4
2026-03-06,Fri,Aiden,P3_H2_25_Tub3_Lacerate 12,9,0,alive,,W3-4
2026-03-06,Fri,Aiden,P3_H2_25_Tub3_Lacerate 13,9,0,alive,,W3-4
2026-03-06,Fri,Aiden,PX_H2_25_Tub3_Lacerate 14,7,12,alive,,W3-4
2026-03-06,Fri,Aiden,P3_H2_25_Tub3_Lacerate 15,4,8,alive,,W3-4
2026-03-06,Fri,Aiden,P2_H2_25_Tub3_Lacerate 16,4,12,alive,,W3-4
2026-03-06,Fri,Aiden,P2_H2_25_Tub3_Lacerate 17,4,8,alive,,W3-4
2026-03-06,Fri,Aiden,P1_H2_25_Tub3_Lacerate 18,4,12,alive,,W3-4
2026-03-06,Fri,Aiden,P1_H2_25_Tub3_Lacerate 19,2,6,alive,,W3-4
2026-03-06,Fri,Aiden,PX_H2_25_Tub3_Lacerate 20,2,6,alive,,W3-4
2026-03-06,Fri,Aiden,PX_H2_25_Tub3_Lacerate 21,0,6,alive,,W3-4
2026-03-06,Fri,Aiden,P2_VWA_25_Tub1_Lacerate 14,9,8,alive,,W3-4
2026-03-06,Fri,Aiden,P2_VWA_25_Tub1_Lacerate 15,9,9,alive,,W3-4
2026-03-06,Fri,Aiden,P2_VWA_25_Tub1_Lacerate 16,9,0,alive,,W3-4
2026-03-06,Fri,Aiden,P2_VWA_25_Tub1_Lacerate 17,9,,missing,,W3-4
2026-03-06,Fri,Aiden,P2_VWA_25_Tub1_Lacerate 18,9,0,alive,,W3-4
2026-03-06,Fri,Aiden,P2_VWA_25_Tub1_Lacerate 19,9,0,alive,,W3-4
2026-03-06,Fri,Aiden,P2_VWA_25_Tub1_Lacerate 20,7,0,alive,,W3-4
2026-03-06,Fri,Aiden,P2_VWA_25_Tub1_Lacerate 21,7,0,alive,,W3-4
2026-03-06,Fri,Aiden,P2_VWA_25_Tub1_Lacerate 22,7,0,alive,,W3-4
2026-03-06,Fri,Aiden,P2_VWA_25_Tub1_Lacerate 23,7,0,alive,,W3-4
2026-03-06,Fri,Aiden,P2_VWA_25_Tub1_Lacerate 24,7,12,alive,,W3-4
2026-03-06,Fri,Aiden,P3_VWA_25_Tub1_Lacerate 25,4,12,alive,,W3-4
2026-03-06,Fri,Aiden,P1_VWA_25_Tub1_Lacerate 26,2,0,alive,,W3-4
2026-03-06,Fri,Aiden,P1_VWA_25_Tub1_Lacerate 27,2,0,alive,,W3-4
2026-03-06,Fri,Aiden,P1_VWA_25_Tub1_Lacerate 28,2,0,alive,,W3-4
2026-03-06,Fri,Aiden,P1_VWA_25_Tub1_Lacerate 29,2,0,alive,,W3-4
2026-03-06,Fri,Aiden,P1_VWA_25_Tub1_Lacerate 30,2,0,alive,,W3-4
2026-03-06,Fri,Aiden,P1_VWA_25_Tub1_Lacerate 31,2,0,alive,,W3-4
2026-03-06,Fri,Aiden,P1_VWA_25_Tub1_Lacerate 32,2,0,alive,,W3-4
2026-03-06,Fri,Aiden,P1_VWA_25_Tub1_Lacerate 33,2,0,alive,,W3-4
2026-03-06,Fri,Aiden,P1_VWA_25_Tub1_Lacerate 34,2,0,alive,,W3-4
2026-03-06,Fri,Aiden,P1_VWA_25_Tub1_Lacerate 35,2,0,alive,,W3-4
2026-03-06,Fri,Aiden,P1_VWA_25_Tub1_Lacerate 36,2,0,alive,,W3-4
2026-03-06,Fri,Aiden,P2_VWA_25_Tub1_Lacerate 37,2,0,alive,,W3-4
2026-03-06,Fri,Aiden,P2_VWA_25_Tub1_Lacerate 38,2,0,alive,,W3-4
2026-03-06,Fri,Aiden,P2_VWA_25_Tub1_Lacerate 39,2,0,alive,,W3-4
2026-03-06,Fri,Aiden,P2_VWA_25_Tub1_Lacerate 40,2,0,alive,,W3-4
2026-03-06,Fri,Aiden,P2_VWA_25_Tub1_Lacerate 41,2,0,alive,,W3-4
2026-03-06,Fri,Aiden,P2_VWA_25_Tub1_Lacerate 42,2,0,alive,,W3-4
2026-03-06,Fri,Aiden,P2_VWA_25_Tub1_Lacerate 43,2,0,alive,,W3-4
2026-03-06,Fri,Aiden,P2_VWA_25_Tub1_Lacerate 44,2,0,alive,,W3-4
2026-03-06,Fri,Aiden,P1_VWA_25_Tub1_Lacerate 45,0,0,alive,,W3-4
2026-03-06,Fri,Aiden,P1_VWA_25_Tub1_Lacerate 46,0,0,alive,,W3-4
2026-03-06,Fri,Aiden,P1_VWA_25_Tub1_Lacerate 47,0,0,alive,,W3-4
2026-03-06,Fri,Aiden,P1_VWA_25_Tub1_Lacerate 48,0,0,alive,,W3-4
2026-03-06,Fri,Aiden,P1_VWA_25_Tub1_Lacerate 49,0,0,alive,,W3-4
2026-03-06,Fri,Aiden,P1_VWA_25_Tub1_Lacerate 50,0,0,alive,,W3-4
2026-03-06,Fri,Aiden,P1_VWA_25_Tub1_Lacerate 51,0,0,alive,,W3-4
2026-03-06,Fri,Aiden,P2_VWA_25_Tub2_Lacerate 14,7,8,alive,,W3-4
2026-03-06,Fri,Aiden,PX_VWA_25_Tub2_Lacerate 15,4,12,alive,,W3-4
2026-03-06,Fri,Aiden,P3_VWA_25_Tub2_Lacerate 16,4,12,alive,,W3-4
2026-03-06,Fri,Aiden,P3_VWA_25_Tub2_Lacerate 17,4,12,alive,,W3-4
2026-03-06,Fri,Aiden,P3_VWA_25_Tub2_Lacerate 18,4,8,alive,,W3-4
2026-03-06,Fri,Aiden,P1_VWA_25_Tub2_Lacerate 19,2,0,alive,,W3-4
2026-03-06,Fri,Aiden,P1_VWA_25_Tub2_Lacerate 20,2,0,alive,,W3-4
2026-03-06,Fri,Aiden,P1_VWA_25_Tub2_Lacerate 21,2,0,alive,,W3-4
2026-03-06,Fri,Aiden,P1_VWA_25_Tub2_Lacerate 22,2,0,alive,,W3-4
2026-03-06,Fri,Aiden,P1_VWA_25_Tub2_Lacerate 23,2,0,alive,,W3-4
2026-03-06,Fri,Aiden,P1_VWA_25_Tub2_Lacerate 24,2,0,alive,,W3-4
2026-03-06,Fri,Aiden,PX_VWA_25_Tub2_Lacerate 25,2,8,alive,,W3-4
2026-03-06,Fri,Aiden,P2_VWA_25_Tub2_Lacerate 26,2,10,alive,,W3-4
2026-03-06,Fri,Aiden,PX_VWA_25_Tub2_Lacerate 27,2,8,alive,,W3-4
2026-03-06,Fri,Aiden,P3_VWA_25_Tub3_Lacerate 5,7,0,alive,,W3-4
2026-03-06,Fri,Aiden,P3_VWA_25_Tub3_Lacerate 6,7,0,alive,,W3-4
2026-03-06,Fri,Aiden,P3_VWA_25_Tub3_Lacerate 7,7,0,alive,,W3-4
2026-03-06,Fri,Aiden,P3_VWA_25_Tub3_Lacerate 8,7,0,alive,,W3-4
2026-03-06,Fri,Aiden,P3_VWA_25_Tub3_Lacerate 9,7,0,alive,,W3-4
2026-03-06,Fri,Aiden,P3_VWA_25_Tub3_Lacerate 10,7,0,alive,,W3-4
2026-03-06,Fri,Aiden,P3_VWA_25_Tub3_Lacerate 11,7,0,alive,,W3-4
2026-03-06,Fri,Aiden,P3_VWA_25_Tub3_Lacerate 12,7,0,alive,,W3-4
2026-03-06,Fri,Aiden,P2_VWA_25_Tub3_Lacerate 13,4,12,alive,,W3-4
2026-03-06,Fri,Aiden,P2_VWA_25_Tub3_Lacerate 14,4,,missing,,W3-4
2026-03-06,Fri,Aiden,P2_VWA_25_Tub3_Lacerate 15,4,,missing,,W3-4
2026-03-06,Fri,Aiden,P2_VWA_25_Tub3_Lacerate 16,4,8,alive,,W3-4
2026-03-06,Fri,Aiden,P1_VWA_25_Tub3_Lacerate 17,4,10,alive,,W3-4
2026-03-06,Fri,Aiden,P1_VWA_25_Tub3_Lacerate 18,2,8,alive,,W3-4
2026-03-06,Fri,Aiden,P1_VWA_25_Tub3_Lacerate 19,2,0,alive,,W3-4
2026-03-06,Fri,Aiden,P3_VWA_25_Tub3_Lacerate 20,2,0,alive,,W3-4
2026-03-06,Fri,Aiden,P3_VWA_25_Tub3_Lacerate 21,2,0,alive,,W3-4
2026-03-06,Fri,Aiden,P3_VWA_25_Tub3_Lacerate 22,2,0,alive,,W3-4
2026-03-06,Fri,Aiden,P2_VWA_25_Tub3_Lacerate 23,2,0,alive,,W3-4
2026-03-06,Fri,Aiden,P2_VWA_25_Tub3_Lacerate 24,2,0,alive,,W3-4
2026-03-06,Fri,Aiden,P2_VWA_25_Tub3_Lacerate 25,2,0,alive,,W3-4
2026-03-06,Fri,Aiden,P2_VWA_25_Tub3_Lacerate 26,2,0,alive,,W3-4
2026-03-06,Fri,Aiden,P2_VWA_25_Tub3_Lacerate 27,2,0,alive,,W3-4
2026-03-06,Fri,Aiden,P2_VWA_25_Tub3_Lacerate 28,2,0,alive,,W3-4
2026-03-06,Fri,Aiden,P2_VWA_25_Tub3_Lacerate 29,2,0,alive,,W3-4
2026-03-06,Fri,Aiden,P2_VWA_25_Tub3_Lacerate 30,2,0,alive,,W3-4
2026-03-06,Fri,Aiden,P2_VWA_25_Tub3_Lacerate 31,2,0,alive,,W3-4
2026-03-06,Fri,Aiden,P2_VWA_25_Tub3_Lacerate 32,2,0,alive,,W3-4
2026-03-06,Fri,Aiden,P2_VWA_25_Tub3_Lacerate 33,2,8,alive,,W3-4
2026-03-06,Fri,Aiden,PX_VWA_25_Tub3_Lacerate 34,0,6,alive,,W3-4
2026-03-06,Fri,Aiden,PX_VWA_25_Tub3_Lacerate 35,0,6,alive,,W3-4
2026-03-06,Fri,Aiden,PX_VWA_25_Tub3_Lacerate 36,0,8,alive,,W3-4
2026-03-06,Fri,Aiden,P1_H2_32_Tub1_Lacerate 24,9,0,alive,,W3-4
2026-03-06,Fri,Aiden,P1_H2_32_Tub1_Lacerate 25,9,12,alive,,W3-4
2026-03-06,Fri,Aiden,P1_H2_32_Tub1_Lacerate 26,9,11,alive,,W3-4
2026-03-06,Fri,Aiden,P3_H2_32_Tub1_Lacerate 27,4,6,alive,,W3-4
2026-03-06,Fri,Aiden,P2_H2_32_Tub1_Lacerate 28,4,6,alive,,W3-4
2026-03-06,Fri,Aiden,P2_H2_32_Tub1_Lacerate 29,4,8,alive,,W3-4
2026-03-06,Fri,Aiden,P2_H2_32_Tub1_Lacerate 30,4,12,alive,,W3-4
2026-03-06,Fri,Aiden,P2_H2_32_Tub1_Lacerate 31,4,8,alive,,W3-4
2026-03-06,Fri,Aiden,P2_H2_32_Tub1_Lacerate 32,4,12,alive,,W3-4
2026-03-06,Fri,Aiden,P3_H2_32_Tub1_Lacerate 33,4,,missing,,W3-4
2026-03-06,Fri,Aiden,P3_H2_32_Tub1_Lacerate 34,4,12,alive,,W3-4
2026-03-06,Fri,Aiden,P3_H2_32_Tub1_Lacerate 35,4,12,alive,,W3-4
2026-03-06,Fri,Aiden,P1_H2_32_Tub1_Lacerate 36,2,0,alive,,W3-4
2026-03-06,Fri,Aiden,P1_H2_32_Tub1_Lacerate 37,2,8,alive,,W3-4
2026-03-06,Fri,Aiden,P1_H2_32_Tub1_Lacerate 38,2,11,alive,,W3-4
2026-03-06,Fri,Aiden,P1_H2_32_Tub1_Lacerate 39,2,14,alive,,W3-4
2026-03-06,Fri,Aiden,P1_H2_32_Tub1_Lacerate 40,2,6,alive,,W3-4
2026-03-06,Fri,Aiden,PX_H2_32_Tub1_Lacerate 41,2,8,alive,,W3-4
2026-03-06,Fri,Aiden,PX_H2_32_Tub1_Lacerate 42,2,11,alive,,W3-4
2026-03-06,Fri,Aiden,PX_H2_32_Tub1_Lacerate 43,2,3,alive,,W3-4
2026-03-06,Fri,Aiden,PX_H2_32_Tub1_Lacerate 44,2,0,alive,,W3-4
2026-03-06,Fri,Aiden,PX_H2_32_Tub1_Lacerate 45,2,0,alive,,W3-4
2026-03-06,Fri,Aiden,PX_H2_32_Tub1_Lacerate 46,2,0,alive,,W3-4
2026-03-06,Fri,Aiden,PX_H2_32_Tub1_Lacerate 47,2,0,alive,,W3-4
2026-03-06,Fri,Aiden,PX_H2_32_Tub1_Lacerate 48,0,6,alive,,W3-4
2026-03-06,Fri,Aiden,PX_H2_32_Tub1_Lacerate 49,0,6,alive,,W3-4
2026-03-06,Fri,Aiden,PX_H2_32_Tub1_Lacerate 50,0,8,alive,,W3-4
2026-03-06,Fri,Aiden,PX_H2_32_Tub1_Lacerate 51,0,9,alive,,W3-4
2026-03-06,Fri,Aiden,P1_H2_32_Tub2_Lacerate 19,9,8,alive,,W3-4
2026-03-06,Fri,Aiden,P1_H2_32_Tub2_Lacerate 20,9,0,alive,,W3-4
2026-03-06,Fri,Aiden,P1_H2_32_Tub2_Lacerate 21,9,0,alive,,W3-4
2026-03-06,Fri,Aiden,P1_H2_32_Tub2_Lacerate 22,9,0,alive,,W3-4
2026-03-06,Fri,Aiden,P1_H2_32_Tub2_Lacerate 23,9,0,alive,,W3-4
2026-03-06,Fri,Aiden,P2_H2_32_Tub2_Lacerate 24,7,6,alive,,W3-4
2026-03-06,Fri,Aiden,P2_H2_32_Tub2_Lacerate 25,7,9,alive,,W3-4
2026-03-06,Fri,Aiden,P3_H2_32_Tub2_Lacerate 26,7,8,alive,,W3-4
2026-03-06,Fri,Aiden,P3_H2_32_Tub2_Lacerate 27,7,0,alive,,W3-4
2026-03-06,Fri,Aiden,P1_H2_32_Tub2_Lacerate 28,4,0,alive,,W3-4
2026-03-06,Fri,Aiden,P2_H2_32_Tub2_Lacerate 29,4,0,alive,,W3-4
2026-03-06,Fri,Aiden,P2_H2_32_Tub2_Lacerate 30,4,0,alive,,W3-4
2026-03-06,Fri,Aiden,P2_H2_32_Tub2_Lacerate 31,4,0,alive,,W3-4
2026-03-06,Fri,Aiden,P3_H2_32_Tub2_Lacerate 32,2,0,alive,,W3-4
2026-03-06,Fri,Aiden,P3_H2_32_Tub2_Lacerate 33,2,0,alive,,W3-4
2026-03-06,Fri,Aiden,P2_H2_32_Tub2_Lacerate 34,2,0,alive,,W3-4
2026-03-06,Fri,Aiden,P2_H2_32_Tub2_Lacerate 35,2,0,alive,,W3-4
2026-03-06,Fri,Aiden,PX_H2_32_Tub2_Lacerate 36,2,12,alive,,W3-4
2026-03-06,Fri,Aiden,PX_H2_32_Tub2_Lacerate 37,2,12,alive,,W3-4
2026-03-06,Fri,Aiden,PX_H2_32_Tub2_Lacerate 38,2,12,alive,,W3-4
2026-03-06,Fri,Aiden,P2_H2_32_Tub2_Lacerate 39,2,12,alive,,W3-4
2026-03-06,Fri,Aiden,P2_H2_32_Tub2_Lacerate 40,2,9,alive,,W3-4
2026-03-06,Fri,Aiden,P2_H2_32_Tub2_Lacerate 41,2,8,alive,,W3-4
2026-03-06,Fri,Aiden,P1_H2_32_Tub2_Lacerate 42,0,0,alive,,W3-4
2026-03-06,Fri,Aiden,P1_H2_32_Tub2_Lacerate 43,0,0,alive,,W3-4
2026-03-06,Fri,Aiden,P1_H2_32_Tub2_Lacerate 44,0,0,alive,,W3-4
2026-03-06,Fri,Aiden,P1_H2_32_Tub2_Lacerate 45,0,2,alive,,W3-4
2026-03-06,Fri,Aiden,P2_H2_32_Tub2_Lacerate 46,0,0,alive,,W3-4
2026-03-06,Fri,Aiden,P2_H2_32_Tub2_Lacerate 47,0,0,alive,,W3-4
2026-03-06,Fri,Aiden,P2_H2_32_Tub2_Lacerate 48,0,4,alive,,W3-4
2026-03-06,Fri,Aiden,P2_H2_32_Tub2_Lacerate 49,0,6,alive,,W3-4
2026-03-06,Fri,Aiden,P2_H2_32_Tub2_Lacerate 50,0,0,alive,,W3-4
2026-03-06,Fri,Aiden,P3_H2_32_Tub2_Lacerate 51,0,0,alive,,W3-4
2026-03-06,Fri,Aiden,P3_H2_32_Tub2_Lacerate 52,0,0,alive,,W3-4
2026-03-06,Fri,Aiden,P3_H2_32_Tub2_Lacerate 53,0,0,alive,,W3-4
2026-03-06,Fri,Aiden,P3_H2_32_Tub2_Lacerate 54,0,0,alive,,W3-4
2026-03-06,Fri,Aiden,P3_H2_32_Tub2_Lacerate 55,0,0,alive,,W3-4
2026-03-06,Fri,Aiden,P3_H2_32_Tub2_Lacerate 56,0,0,alive,,W3-4
2026-03-06,Fri,Aiden,P1_H2_32_Tub3_Lacerate 10,9,12,alive,,W3-4
2026-03-06,Fri,Aiden,P2_H2_32_Tub3_Lacerate 11,7,6,alive,,W3-4
2026-03-06,Fri,Aiden,P2_H2_32_Tub3_Lacerate 12,7,0,alive,,W3-4
2026-03-06,Fri,Aiden,P2_H2_32_Tub3_Lacerate 13,7,0,alive,,W3-4
2026-03-06,Fri,Aiden,PX_H2_32_Tub3_Lacerate 14,4,12,alive,,W3-4
2026-03-06,Fri,Aiden,PX_H2_32_Tub3_Lacerate 15,4,8,alive,,W3-4
2026-03-06,Fri,Aiden,PX_H2_32_Tub3_Lacerate 16,4,12,alive,,W3-4
2026-03-06,Fri,Aiden,P1_H2_32_Tub3_Lacerate 17,4,12,alive,,W3-4
2026-03-06,Fri,Aiden,P1_H2_32_Tub3_Lacerate 18,4,0,alive,,W3-4
2026-03-06,Fri,Aiden,P2_H2_32_Tub3_Lacerate 19,4,9,alive,,W3-4
2026-03-06,Fri,Aiden,P3_H2_32_Tub3_Lacerate 20,4,0,alive,,W3-4
2026-03-06,Fri,Aiden,P3_H2_32_Tub3_Lacerate 21,4,0,alive,,W3-4
2026-03-06,Fri,Aiden,P3_H2_32_Tub3_Lacerate 22,4,12,alive,,W3-4
2026-03-06,Fri,Aiden,P3_H2_32_Tub3_Lacerate 23,4,12,alive,,W3-4
2026-03-06,Fri,Aiden,P3_H2_32_Tub3_Lacerate 24,4,0,alive,,W3-4
2026-03-06,Fri,Aiden,P3_H2_32_Tub3_Lacerate 25,2,2,alive,,W3-4
2026-03-06,Fri,Aiden,P3_H2_32_Tub3_Lacerate 26,2,0,alive,,W3-4
2026-03-06,Fri,Aiden,P2_H2_32_Tub3_Lacerate 27,2,4,alive,,W3-4
2026-03-06,Fri,Aiden,P2_H2_32_Tub3_Lacerate 28,2,12,alive,,W3-4
2026-03-06,Fri,Aiden,P1_H2_32_Tub3_Lacerate 29,2,8,alive,,W3-4
2026-03-06,Fri,Aiden,P1_H2_32_Tub3_Lacerate 30,2,12,alive,,W3-4
2026-03-06,Fri,Aiden,P1_H2_32_Tub3_Lacerate 31,2,11,alive,,W3-4
2026-03-06,Fri,Aiden,P1_VWA_32_Tub1_Lacerate 11,9,,missing,,W3-4
2026-03-06,Fri,Aiden,P3_VWA_32_Tub1_Lacerate 12,9,,missing,,W3-4
2026-03-06,Fri,Aiden,P1_VWA_32_Tub1_Lacerate 13,7,,missing,,W3-4
2026-03-06,Fri,Aiden,P1_VWA_32_Tub1_Lacerate 14,7,,missing,,W3-4
2026-03-06,Fri,Aiden,P3_VWA_32_Tub1_Lacerate 15,7,9,alive,,W3-4
2026-03-06,Fri,Aiden,P3_VWA_32_Tub1_Lacerate 16,7,,missing,,W3-4
2026-03-06,Fri,Aiden,P3_VWA_32_Tub1_Lacerate 17,7,10,alive,,W3-4
2026-03-06,Fri,Aiden,P3_VWA_32_Tub1_Lacerate 18,7,11,alive,,W3-4
2026-03-06,Fri,Aiden,P3_VWA_32_Tub1_Lacerate 19,7,8,alive,,W3-4
2026-03-06,Fri,Aiden,P2_VWA_32_Tub1_Lacerate 20,7,6,alive,,W3-4
2026-03-06,Fri,Aiden,P2_VWA_32_Tub1_Lacerate 21,7,8,alive,,W3-4
2026-03-06,Fri,Aiden,P2_VWA_32_Tub1_Lacerate 22,7,7,alive,,W3-4
2026-03-06,Fri,Aiden,P2_VWA_32_Tub1_Lacerate 23,7,9,alive,,W3-4
2026-03-06,Fri,Aiden,P2_VWA_32_Tub1_Lacerate 24,7,,missing,,W3-4
2026-03-06,Fri,Aiden,P2_VWA_32_Tub1_Lacerate 25,7,,missing,,W3-4
2026-03-06,Fri,Aiden,P1_VWA_32_Tub1_Lacerate 26,4,,missing,,W3-4
2026-03-06,Fri,Aiden,P2_VWA_32_Tub1_Lacerate 27,2,,missing,,W3-4
2026-03-06,Fri,Aiden,P2_VWA_32_Tub1_Lacerate 28,2,,missing,,W3-4
2026-03-06,Fri,Aiden,P3_VWA_32_Tub1_Lacerate 29,2,4,alive,,W3-4
2026-03-06,Fri,Aiden,P3_VWA_32_Tub1_Lacerate 30,2,,missing,,W3-4
2026-03-06,Fri,Aiden,P3_VWA_32_Tub1_Lacerate 31,2,,missing,,W3-4
2026-03-06,Fri,Aiden,P3_VWA_32_Tub1_Lacerate 32,2,,missing,,W3-4
2026-03-06,Fri,Aiden,P1_VWA_32_Tub1_Lacerate 33,2,0,missing,,W3-4
2026-03-06,Fri,Aiden,P1_VWA_32_Tub1_Lacerate 34,2,0,alive,,W3-4
2026-03-06,Fri,Aiden,P1_VWA_32_Tub1_Lacerate 35,2,0,alive,,W3-4
2026-03-06,Fri,Aiden,P1_VWA_32_Tub1_Lacerate 36,2,0,alive,,W3-4
2026-03-06,Fri,Aiden,P1_VWA_32_Tub1_Lacerate 37,2,0,alive,,W3-4
2026-03-06,Fri,Aiden,P1_VWA_32_Tub1_Lacerate 38,2,0,alive,,W3-4
2026-03-06,Fri,Aiden,P1_VWA_32_Tub1_Lacerate 39,2,0,alive,,W3-4
2026-03-06,Fri,Aiden,P1_VWA_32_Tub1_Lacerate 40,2,0,alive,,W3-4
2026-03-06,Fri,Aiden,P1_VWA_32_Tub1_Lacerate 41,2,0,alive,,W3-4
2026-03-06,Fri,Aiden,P1_VWA_32_Tub1_Lacerate 42,2,0,alive,,W3-4
2026-03-06,Fri,Aiden,P1_VWA_32_Tub1_Lacerate 43,2,0,alive,,W3-4
2026-03-06,Fri,Aiden,P1_VWA_32_Tub1_Lacerate 44,2,0,alive,,W3-4
2026-03-06,Fri,Aiden,PX_VWA_32_Tub1_Lacerate 45,2,8,alive,,W3-4
2026-03-06,Fri,Aiden,PX_VWA_32_Tub1_Lacerate 46,2,8,alive,,W3-4
2026-03-06,Fri,Aiden,P2_VWA_32_Tub1_Lacerate 47,0,8,alive,,W3-4
2026-03-06,Fri,Aiden,P2_VWA_32_Tub1_Lacerate 48,0,9,alive,,W3-4
2026-03-06,Fri,Aiden,P2_VWA_32_Tub1_Lacerate 49,0,9,alive,,W3-4
2026-03-06,Fri,Aiden,P1_VWA_32_Tub2_Lacerate 6,9,0,alive,,W3-4
2026-03-06,Fri,Aiden,PX_VWA_32_Tub2_Lacerate 7,9,11,alive,,W3-4
2026-03-06,Fri,Aiden,PX_VWA_32_Tub2_Lacerate 8,4,12,alive,,W3-4
2026-03-06,Fri,Aiden,P2_VWA_32_Tub2_Lacerate 9,4,0,alive,,W3-4
2026-03-06,Fri,Aiden,P2_VWA_32_Tub2_Lacerate 10,4,9,alive,,W3-4
2026-03-06,Fri,Aiden,P2_VWA_32_Tub2_Lacerate 11,4,11,alive,,W3-4
2026-03-06,Fri,Aiden,PX_VWA_32_Tub2_Lacerate 12,4,14,alive,,W3-4
2026-03-06,Fri,Aiden,P3_VWA_32_Tub2_Lacerate 13,4,0,alive,,W3-4
2026-03-06,Fri,Aiden,P3_VWA_32_Tub2_Lacerate 14,4,0,alive,,W3-4
2026-03-06,Fri,Aiden,P1_VWA_32_Tub2_Lacerate 15,2,0,alive,,W3-4
2026-03-06,Fri,Aiden,P1_VWA_32_Tub2_Lacerate 16,2,0,alive,,W3-4
2026-03-06,Fri,Aiden,P1_VWA_32_Tub2_Lacerate 17,2,0,alive,,W3-4
2026-03-06,Fri,Aiden,P1_VWA_32_Tub2_Lacerate 18,2,0,alive,,W3-4
2026-03-06,Fri,Aiden,P1_VWA_32_Tub2_Lacerate 19,0,8,alive,,W3-4
2026-03-06,Fri,Aiden,P1_VWA_32_Tub3_Lacerate 8,4,12,alive,,W3-4
2026-03-06,Fri,Aiden,P3_VWA_32_Tub3_Lacerate 9,4,0,alive,,W3-4
2026-03-06,Fri,Aiden,P3_VWA_32_Tub3_Lacerate 10,4,10,alive,,W3-4
2026-03-06,Fri,Aiden,P2_VWA_32_Tub3_Lacerate 11,2,0,alive,,W3-4
2026-03-06,Fri,Aiden,P2_VWA_32_Tub3_Lacerate 12,2,8,alive,,W3-4
2026-03-06,Fri,Aiden,P3_VWA_32_Tub3_Lacerate 13,2,0,alive,,W3-4
2026-03-06,Fri,Aiden,P3_VWA_32_Tub3_Lacerate 14,2,0,alive,,W3-4
2026-03-06,Fri,Aiden,P3_VWA_32_Tub3_Lacerate 15,2,0,alive,,W3-4
2026-03-06,Fri,Aiden,P3_VWA_32_Tub3_Lacerate 16,2,0,alive,,W3-4
2026-03-06,Fri,Aiden,P3_VWA_32_Tub3_Lacerate 17,2,0,alive,,W3-4
2026-03-06,Fri,Aiden,P1_VWA_32_Tub3_Lacerate 18,0,0,alive,,W3-4
2026-03-06,Fri,Aiden,P1_VWA_32_Tub3_Lacerate 19,0,0,alive,,W3-4
2026-03-06,Fri,Aiden,P1_VWA_32_Tub3_Lacerate 20,0,0,alive,,W3-4
2026-03-06,Fri,Aiden,P1_VWA_32_Tub3_Lacerate 21,0,0,alive,,W3-4
2026-03-06,Fri,Aiden,P1_VWA_32_Tub3_Lacerate 22,0,0,alive,,W3-4
2026-03-06,Fri,Aiden,P1_VWA_32_Tub3_Lacerate 23,0,0,alive,,W3-4
2026-03-09,Mon,Grady,P2_H2_25_Tub1_Lacerate 14,10,16,,,W3-4
2026-03-09,Mon,Grady,P3_H2_25_Tub1_Lacerate 15,10,,missing,,W3-4
2026-03-09,Mon,Grady,P1_H2_25_Tub1_Lacerate 16,10,6,,,W3-4
2026-03-09,Mon,Grady,P1_H2_25_Tub1_Lacerate 17,10,9,,,W3-4
2026-03-09,Mon,Grady,PX_H2_25_Tub1_Lacerate 18,10,13,,,W3-4
2026-03-09,Mon,Grady,P2_H2_25_Tub1_Lacerate 19,7,9,,,W3-4
2026-03-09,Mon,Grady,PX_H2_25_Tub1_Lacerate 20,7,10,,,W3-4
2026-03-09,Mon,Grady,PX_H2_25_Tub1_Lacerate 21,7,10,,,W3-4
2026-03-09,Mon,Grady,PX_H2_25_Tub1_Lacerate 22,7,12,,,W3-4
2026-03-09,Mon,Grady,PX_H2_25_Tub1_Lacerate 23,7,10,,,W3-4
2026-03-09,Mon,Grady,PX_H2_25_Tub1_Lacerate 24,7,7,,,W3-4
2026-03-09,Mon,Grady,PX_H2_25_Tub1_Lacerate 25,7,12,,,W3-4
2026-03-09,Mon,Grady,PX_H2_25_Tub1_Lacerate 26,7,8,,,W3-4
2026-03-09,Mon,Grady,PX_H2_25_Tub1_Lacerate 27,7,10,,,W3-4
2026-03-09,Mon,Grady,PX_H2_25_Tub1_Lacerate 28,7,12,,,W3-4
2026-03-09,Mon,Grady,PX_H2_25_Tub1_Lacerate 29,7,8,,,W3-4
2026-03-09,Mon,Grady,PX_H2_25_Tub1_Lacerate 30,7,12,,,W3-4
2026-03-09,Mon,Grady,PX_H2_25_Tub1_Lacerate 31,7,9,,,W3-4
2026-03-09,Mon,Grady,PX_H2_25_Tub1_Lacerate 32,7,15,,,W3-4
2026-03-09,Mon,Grady,P2_H2_25_Tub1_Lacerate 33,7,12,,,W3-4
2026-03-09,Mon,Grady,P2_H2_25_Tub1_Lacerate 34,7,11,,,W3-4
2026-03-09,Mon,Grady,P2_H2_25_Tub1_Lacerate 35,7,11,,,W3-4
2026-03-09,Mon,Grady,P2_H2_25_Tub1_Lacerate 36,7,11,,,W3-4
2026-03-09,Mon,Grady,PX_H2_25_Tub1_Lacerate 37,5,8,,,W3-4
2026-03-09,Mon,Grady,PX_H2_25_Tub1_Lacerate 38,5,9,,,W3-4
2026-03-09,Mon,Grady,PX_H2_25_Tub1_Lacerate 39,5,15,,,W3-4
2026-03-09,Mon,Grady,P2_H2_25_Tub1_Lacerate 40,3,9,,,W3-4
2026-03-09,Mon,Grady,P2_H2_25_Tub1_Lacerate 41,3,9,,,W3-4
2026-03-09,Mon,Grady,P2_H2_25_Tub1_Lacerate 42,3,6,,,W3-4
2026-03-09,Mon,Grady,P1_H2_25_Tub2_Lacerate 13,12,7,,,W3-4
2026-03-09,Mon,Grady,P3_H2_25_Tub2_Lacerate 14,10,12,,,W3-4
2026-03-09,Mon,Grady,P2_H2_25_Tub2_Lacerate 15,7,12,,,W3-4
2026-03-09,Mon,Grady,P2_H2_25_Tub2_Lacerate 16,7,16,,,W3-4
2026-03-09,Mon,Grady,P1_H2_25_Tub2_Lacerate 17,5,11,,,W3-4
2026-03-09,Mon,Grady,P1_H2_25_Tub2_Lacerate 18,5,14,,,W3-4
2026-03-09,Mon,Grady,P2_H2_25_Tub2_Lacerate 19,3,9,,,W3-4
2026-03-09,Mon,Grady,P2_H2_25_Tub2_Lacerate 20,3,10,,,W3-4
2026-03-09,Mon,Grady,PX_H2_25_Tub2_Lacerate 21,0,7,,,W3-4
2026-03-09,Mon,Grady,PX_H2_25_Tub2_Lacerate 22,0,14,,,W3-4
2026-03-09,Mon,Grady,PX_H2_25_Tub2_Lacerate 23,0,12,,,W3-4
2026-03-09,Mon,Grady,PX_H2_25_Tub2_Lacerate 24,0,12,,,W3-4
2026-03-09,Mon,Grady,PX_H2_25_Tub2_Lacerate 25,0,5,,,W3-4
2026-03-09,Mon,Grady,PX_H2_25_Tub2_Lacerate 26,0,11,,,W3-4
2026-03-09,Mon,Grady,PX_H2_25_Tub2_Lacerate 27,0,11,,,W3-4
2026-03-09,Mon,Grady,PX_H2_25_Tub2_Lacerate 28,0,11,,,W3-4
2026-03-09,Mon,Grady,PX_H2_25_Tub2_Lacerate 29,0,14,,,W3-4
2026-03-09,Mon,Grady,P3_H2_25_Tub3_Lacerate 10,12,11,,,W3-4
2026-03-09,Mon,Grady,P3_H2_25_Tub3_Lacerate 11,12,8,,,W3-4
2026-03-09,Mon,Grady,P3_H2_25_Tub3_Lacerate 12,12,12,,,W3-4
2026-03-09,Mon,Grady,P3_H2_25_Tub3_Lacerate 13,12,8,,,W3-4
2026-03-09,Mon,Grady,PX_H2_25_Tub3_Lacerate 14,10,10,,,W3-4
2026-03-09,Mon,Grady,P3_H2_25_Tub3_Lacerate 15,7,12,,,W3-4
2026-03-09,Mon,Grady,P2_H2_25_Tub3_Lacerate 16,7,4,,,W3-4
2026-03-09,Mon,Grady,P2_H2_25_Tub3_Lacerate 17,7,4,,,W3-4
2026-03-09,Mon,Grady,P1_H2_25_Tub3_Lacerate 18,7,12,,,W3-4
2026-03-09,Mon,Grady,P1_H2_25_Tub3_Lacerate 19,5,10,,,W3-4
2026-03-09,Mon,Grady,PX_H2_25_Tub3_Lacerate 20,5,7,,,W3-4
2026-03-09,Mon,Grady,PX_H2_25_Tub3_Lacerate 21,3,10,,,W3-4
2026-03-09,Mon,Grady,PX_H2_25_Tub3_Lacerate 22,0,5,,,W3-4
2026-03-09,Mon,Grady,PX_H2_25_Tub3_Lacerate 23,0,8,,,W3-4
2026-03-09,Mon,Grady,PX_H2_25_Tub3_Lacerate 24,0,9,,,W3-4
2026-03-09,Mon,Grady,PX_H2_25_Tub3_Lacerate 25,0,6,,,W3-4
2026-03-09,Mon,Grady,PX_H2_25_Tub3_Lacerate 26,0,12,,,W3-4
2026-03-09,Mon,Grady,PX_H2_25_Tub3_Lacerate 27,0,6,,,W3-4
2026-03-09,Mon,Grady,PX_H2_25_Tub3_Lacerate 28,0,11,,,W3-4
2026-03-09,Mon,Grady,PX_H2_25_Tub3_Lacerate 29,0,8,,,W3-4
2026-03-09,Mon,Grady,PX_H2_25_Tub3_Lacerate 30,0,10,,,W3-4
2026-03-09,Mon,Grady,PX_H2_25_Tub3_Lacerate 31,0,10,,,W3-4
2026-03-09,Mon,Grady,PX_H2_25_Tub3_Lacerate 32,0,3,,,W3-4
2026-03-09,Mon,Grady,PX_H2_25_Tub3_Lacerate 33,0,12,,,W3-4
2026-03-09,Mon,Grady,PX_H2_25_Tub3_Lacerate 34,0,6,,,W3-4
2026-03-09,Mon,Grady,P2_VWA_25_Tub1_Lacerate 14,12,11,,,W3-4
2026-03-09,Mon,Grady,P2_VWA_25_Tub1_Lacerate 15,12,9,,,W3-4
2026-03-09,Mon,Grady,P2_VWA_25_Tub1_Lacerate 16,12,6,,,W3-4
2026-03-09,Mon,Grady,P2_VWA_25_Tub1_Lacerate 17,12,,missing,,W3-4
2026-03-09,Mon,Grady,P2_VWA_25_Tub1_Lacerate 18,12,0,,,W3-4
2026-03-09,Mon,Grady,P2_VWA_25_Tub1_Lacerate 19,12,0,,,W3-4
2026-03-09,Mon,Grady,P2_VWA_25_Tub1_Lacerate 20,10,0,,,W3-4
2026-03-09,Mon,Grady,P2_VWA_25_Tub1_Lacerate 21,10,0,,,W3-4
2026-03-09,Mon,Grady,P2_VWA_25_Tub1_Lacerate 22,10,0,,,W3-4
2026-03-09,Mon,Grady,P2_VWA_25_Tub1_Lacerate 23,10,0,,,W3-4
2026-03-09,Mon,Grady,P2_VWA_25_Tub1_Lacerate 24,10,15,,,W3-4
2026-03-09,Mon,Grady,P3_VWA_25_Tub1_Lacerate 25,7,16,,,W3-4
2026-03-09,Mon,Grady,P1_VWA_25_Tub1_Lacerate 26,5,0,,,W3-4
2026-03-09,Mon,Grady,P1_VWA_25_Tub1_Lacerate 27,5,0,,,W3-4
2026-03-09,Mon,Grady,P1_VWA_25_Tub1_Lacerate 28,5,0,,,W3-4
2026-03-09,Mon,Grady,P1_VWA_25_Tub1_Lacerate 29,5,0,,,W3-4
2026-03-09,Mon,Grady,P1_VWA_25_Tub1_Lacerate 30,5,0,,,W3-4
2026-03-09,Mon,Grady,P1_VWA_25_Tub1_Lacerate 31,5,0,,,W3-4
2026-03-09,Mon,Grady,P1_VWA_25_Tub1_Lacerate 32,5,0,,,W3-4
2026-03-09,Mon,Grady,P1_VWA_25_Tub1_Lacerate 33,5,0,,,W3-4
2026-03-09,Mon,Grady,P1_VWA_25_Tub1_Lacerate 34,5,0,,,W3-4
2026-03-09,Mon,Grady,P1_VWA_25_Tub1_Lacerate 35,5,0,,,W3-4
2026-03-09,Mon,Grady,P1_VWA_25_Tub1_Lacerate 36,5,0,,,W3-4
2026-03-09,Mon,Grady,P2_VWA_25_Tub1_Lacerate 37,5,0,,,W3-4
2026-03-09,Mon,Grady,P2_VWA_25_Tub1_Lacerate 38,5,0,,,W3-4
2026-03-09,Mon,Grady,P2_VWA_25_Tub1_Lacerate 39,5,0,,,W3-4
2026-03-09,Mon,Grady,P2_VWA_25_Tub1_Lacerate 40,5,0,,,W3-4
2026-03-09,Mon,Grady,P2_VWA_25_Tub1_Lacerate 41,5,0,,,W3-4
2026-03-09,Mon,Grady,P2_VWA_25_Tub1_Lacerate 42,5,0,,,W3-4
2026-03-09,Mon,Grady,P2_VWA_25_Tub1_Lacerate 43,5,0,,,W3-4
2026-03-09,Mon,Grady,P2_VWA_25_Tub1_Lacerate 44,5,0,,,W3-4
2026-03-09,Mon,Grady,P1_VWA_25_Tub1_Lacerate 45,3,0,,,W3-4
2026-03-09,Mon,Grady,P1_VWA_25_Tub1_Lacerate 46,3,0,,,W3-4
2026-03-09,Mon,Grady,P1_VWA_25_Tub1_Lacerate 47,3,0,,,W3-4
2026-03-09,Mon,Grady,P1_VWA_25_Tub1_Lacerate 48,3,0,,,W3-4
2026-03-09,Mon,Grady,P1_VWA_25_Tub1_Lacerate 49,3,0,,,W3-4
2026-03-09,Mon,Grady,P1_VWA_25_Tub1_Lacerate 50,3,0,,,W3-4
2026-03-09,Mon,Grady,P1_VWA_25_Tub1_Lacerate 51,3,0,,,W3-4
2026-03-09,Mon,Grady,PX_VWA_25_Tub1_Lacerate 52,0,6,,,W3-4
2026-03-09,Mon,Grady,P2_VWA_25_Tub2_Lacerate 14,10,10,,,W3-4
2026-03-09,Mon,Grady,PX_VWA_25_Tub2_Lacerate 15,7,12,,,W3-4
2026-03-09,Mon,Grady,P3_VWA_25_Tub2_Lacerate 16,7,14,,,W3-4
2026-03-09,Mon,Grady,P3_VWA_25_Tub2_Lacerate 17,7,12,,,W3-4
2026-03-09,Mon,Grady,P3_VWA_25_Tub2_Lacerate 18,7,12,,,W3-4
2026-03-09,Mon,Grady,P1_VWA_25_Tub2_Lacerate 19,5,0,,,W3-4
2026-03-09,Mon,Grady,P1_VWA_25_Tub2_Lacerate 20,5,0,,,W3-4
2026-03-09,Mon,Grady,P1_VWA_25_Tub2_Lacerate 21,5,0,,,W3-4
2026-03-09,Mon,Grady,P1_VWA_25_Tub2_Lacerate 22,5,0,,,W3-4
2026-03-09,Mon,Grady,P1_VWA_25_Tub2_Lacerate 23,5,0,,,W3-4
2026-03-09,Mon,Grady,P1_VWA_25_Tub2_Lacerate 24,5,0,,,W3-4
2026-03-09,Mon,Grady,PX_VWA_25_Tub2_Lacerate 25,5,11,,,W3-4
2026-03-09,Mon,Grady,P2_VWA_25_Tub2_Lacerate 26,5,8,,,W3-4
2026-03-09,Mon,Grady,PX_VWA_25_Tub2_Lacerate 27,5,6,,,W3-4
2026-03-09,Mon,Grady,P3_VWA_25_Tub3_Lacerate 5,10,0,,,W3-4
2026-03-09,Mon,Grady,P3_VWA_25_Tub3_Lacerate 6,10,0,,,W3-4
2026-03-09,Mon,Grady,P3_VWA_25_Tub3_Lacerate 7,10,0,,,W3-4
2026-03-09,Mon,Grady,P3_VWA_25_Tub3_Lacerate 8,10,0,,,W3-4
2026-03-09,Mon,Grady,P3_VWA_25_Tub3_Lacerate 9,10,0,,,W3-4
2026-03-09,Mon,Grady,P3_VWA_25_Tub3_Lacerate 10,10,0,,,W3-4
2026-03-09,Mon,Grady,P3_VWA_25_Tub3_Lacerate 11,10,0,,,W3-4
2026-03-09,Mon,Grady,P3_VWA_25_Tub3_Lacerate 12,10,0,,,W3-4
2026-03-09,Mon,Grady,P2_VWA_25_Tub3_Lacerate 13,7,12,,,W3-4
2026-03-09,Mon,Grady,P2_VWA_25_Tub3_Lacerate 14,7,,,,W3-4
2026-03-09,Mon,Grady,P2_VWA_25_Tub3_Lacerate 15,7,,,,W3-4
2026-03-09,Mon,Grady,P2_VWA_25_Tub3_Lacerate 16,7,,,,W3-4
2026-03-09,Mon,Grady,P1_VWA_25_Tub3_Lacerate 17,7,4,,,W3-4
2026-03-09,Mon,Grady,P1_VWA_25_Tub3_Lacerate 18,5,14,,,W3-4
2026-03-09,Mon,Grady,P1_VWA_25_Tub3_Lacerate 19,5,0,,,W3-4
2026-03-09,Mon,Grady,P3_VWA_25_Tub3_Lacerate 20,5,0,,,W3-4
2026-03-09,Mon,Grady,P3_VWA_25_Tub3_Lacerate 21,5,0,,,W3-4
2026-03-09,Mon,Grady,P3_VWA_25_Tub3_Lacerate 22,5,0,,,W3-4
2026-03-09,Mon,Grady,P2_VWA_25_Tub3_Lacerate 23,5,0,,,W3-4
2026-03-09,Mon,Grady,P2_VWA_25_Tub3_Lacerate 24,5,0,,,W3-4
2026-03-09,Mon,Grady,P2_VWA_25_Tub3_Lacerate 25,5,0,,,W3-4
2026-03-09,Mon,Grady,P2_VWA_25_Tub3_Lacerate 26,5,0,,,W3-4
2026-03-09,Mon,Grady,P2_VWA_25_Tub3_Lacerate 27,5,0,,,W3-4
2026-03-09,Mon,Grady,P2_VWA_25_Tub3_Lacerate 28,5,0,,,W3-4
2026-03-09,Mon,Grady,P2_VWA_25_Tub3_Lacerate 29,5,0,,,W3-4
2026-03-09,Mon,Grady,P2_VWA_25_Tub3_Lacerate 30,5,0,,,W3-4
2026-03-09,Mon,Grady,P2_VWA_25_Tub3_Lacerate 31,5,0,,,W3-4
2026-03-09,Mon,Grady,P2_VWA_25_Tub3_Lacerate 32,5,0,,,W3-4
2026-03-09,Mon,Grady,P2_VWA_25_Tub3_Lacerate 33,5,13,,,W3-4
2026-03-09,Mon,Grady,PX_VWA_25_Tub3_Lacerate 34,3,12,,,W3-4
2026-03-09,Mon,Grady,PX_VWA_25_Tub3_Lacerate 35,3,8,,,W3-4
2026-03-09,Mon,Grady,PX_VWA_25_Tub3_Lacerate 36,3,,missing,,W3-4
2026-03-09,Mon,Grady,PX_VWA_25_Tub3_Lacerate 37,0,6,,,W3-4
2026-03-09,Mon,Grady,PX_VWA_25_Tub3_Lacerate 38,0,7,,,W3-4
2026-03-09,Mon,Grady,PX_VWA_25_Tub3_Lacerate 39,0,13,,,W3-4
2026-03-09,Mon,Grady,P1_H2_32_Tub1_Lacerate 24,12,8,,,W3-4
2026-03-09,Mon,Grady,P1_H2_32_Tub1_Lacerate 25,12,6,,,W3-4
2026-03-09,Mon,Grady,P1_H2_32_Tub1_Lacerate 26,12,12,,,W3-4
2026-03-09,Mon,Grady,P3_H2_32_Tub1_Lacerate 27,7,0,,,W3-4
2026-03-09,Mon,Grady,P2_H2_32_Tub1_Lacerate 28,7,8,,,W3-4
2026-03-09,Mon,Grady,P2_H2_32_Tub1_Lacerate 29,7,9,,,W3-4
2026-03-09,Mon,Grady,P2_H2_32_Tub1_Lacerate 30,7,0,,,W3-4
2026-03-09,Mon,Grady,P2_H2_32_Tub1_Lacerate 31,7,,missing,,W3-4
2026-03-09,Mon,Grady,P2_H2_32_Tub1_Lacerate 32,7,14,,,W3-4
2026-03-09,Mon,Grady,P3_H2_32_Tub1_Lacerate 33,7,,missing,,W3-4
2026-03-09,Mon,Grady,P3_H2_32_Tub1_Lacerate 34,7,13,,,W3-4
2026-03-09,Mon,Grady,P3_H2_32_Tub1_Lacerate 35,7,16,,,W3-4
2026-03-09,Mon,Grady,P1_H2_32_Tub1_Lacerate 36,5,7,,,W3-4
2026-03-09,Mon,Grady,P1_H2_32_Tub1_Lacerate 37,5,10,,,W3-4
2026-03-09,Mon,Grady,P1_H2_32_Tub1_Lacerate 38,5,14,,,W3-4
2026-03-09,Mon,Grady,P1_H2_32_Tub1_Lacerate 39,5,16,,,W3-4
2026-03-09,Mon,Grady,P1_H2_32_Tub1_Lacerate 40,5,8,,,W3-4
2026-03-09,Mon,Grady,PX_H2_32_Tub1_Lacerate 41,5,9,,,W3-4
2026-03-09,Mon,Grady,PX_H2_32_Tub1_Lacerate 42,5,13,,,W3-4
2026-03-09,Mon,Grady,PX_H2_32_Tub1_Lacerate 43,5,12,,,W3-4
2026-03-09,Mon,Grady,PX_H2_32_Tub1_Lacerate 44,5,0,,,W3-4
2026-03-09,Mon,Grady,PX_H2_32_Tub1_Lacerate 45,5,10,,,W3-4
2026-03-09,Mon,Grady,PX_H2_32_Tub1_Lacerate 46,5,9,,,W3-4
2026-03-09,Mon,Grady,PX_H2_32_Tub1_Lacerate 47,5,10,,,W3-4
2026-03-09,Mon,Grady,PX_H2_32_Tub1_Lacerate 48,3,9,,,W3-4
2026-03-09,Mon,Grady,PX_H2_32_Tub1_Lacerate 49,3,10,,,W3-4
2026-03-09,Mon,Grady,PX_H2_32_Tub1_Lacerate 50,3,10,,,W3-4
2026-03-09,Mon,Grady,PX_H2_32_Tub1_Lacerate 51,3,8,,,W3-4
2026-03-09,Mon,Grady,P1_H2_32_Tub2_Lacerate 19,12,12,,,W3-4
2026-03-09,Mon,Grady,P1_H2_32_Tub2_Lacerate 20,12,0,,,W3-4
2026-03-09,Mon,Grady,P1_H2_32_Tub2_Lacerate 21,12,0,,,W3-4
2026-03-09,Mon,Grady,P1_H2_32_Tub2_Lacerate 22,12,0,,,W3-4
2026-03-09,Mon,Grady,P1_H2_32_Tub2_Lacerate 23,12,0,,,W3-4
2026-03-09,Mon,Grady,P2_H2_32_Tub2_Lacerate 24,10,7,,,W3-4
2026-03-09,Mon,Grady,P2_H2_32_Tub2_Lacerate 25,10,12,,,W3-4
2026-03-09,Mon,Grady,P3_H2_32_Tub2_Lacerate 26,10,0,,,W3-4
2026-03-09,Mon,Grady,P3_H2_32_Tub2_Lacerate 27,10,0,,,W3-4
2026-03-09,Mon,Grady,P1_H2_32_Tub2_Lacerate 28,7,8,,,W3-4
2026-03-09,Mon,Grady,P2_H2_32_Tub2_Lacerate 29,7,0,,,W3-4
2026-03-09,Mon,Grady,P2_H2_32_Tub2_Lacerate 30,7,11,,,W3-4
2026-03-09,Mon,Grady,P2_H2_32_Tub2_Lacerate 31,7,3,,,W3-4
2026-03-09,Mon,Grady,P3_H2_32_Tub2_Lacerate 32,5,0,,,W3-4
2026-03-09,Mon,Grady,P3_H2_32_Tub2_Lacerate 33,5,12,,,W3-4
2026-03-09,Mon,Grady,P2_H2_32_Tub2_Lacerate 34,5,0,,,W3-4
2026-03-09,Mon,Grady,P2_H2_32_Tub2_Lacerate 35,5,12,,,W3-4
2026-03-09,Mon,Grady,PX_H2_32_Tub2_Lacerate 36,5,8,,,W3-4
2026-03-09,Mon,Grady,PX_H2_32_Tub2_Lacerate 37,5,13,,,W3-4
2026-03-09,Mon,Grady,PX_H2_32_Tub2_Lacerate 38,5,14,,,W3-4
2026-03-09,Mon,Grady,P2_H2_32_Tub2_Lacerate 39,5,10,,,W3-4
2026-03-09,Mon,Grady,P2_H2_32_Tub2_Lacerate 40,5,5,,,W3-4
2026-03-09,Mon,Grady,P2_H2_32_Tub2_Lacerate 41,5,6,,,W3-4
2026-03-09,Mon,Grady,P1_H2_32_Tub2_Lacerate 42,3,10,,,W3-4
2026-03-09,Mon,Grady,P1_H2_32_Tub2_Lacerate 43,3,6,,,W3-4
2026-03-09,Mon,Grady,P1_H2_32_Tub2_Lacerate 44,3,8,,,W3-4
2026-03-09,Mon,Grady,P1_H2_32_Tub2_Lacerate 45,3,12,,,W3-4
2026-03-09,Mon,Grady,P2_H2_32_Tub2_Lacerate 46,3,8,,,W3-4
2026-03-09,Mon,Grady,P2_H2_32_Tub2_Lacerate 47,3,10,,,W3-4
2026-03-09,Mon,Grady,P2_H2_32_Tub2_Lacerate 48,3,9,,,W3-4
2026-03-09,Mon,Grady,P2_H2_32_Tub2_Lacerate 49,3,12,,,W3-4
2026-03-09,Mon,Grady,P2_H2_32_Tub2_Lacerate 50,3,7,,,W3-4
2026-03-09,Mon,Grady,P3_H2_32_Tub2_Lacerate 51,3,9,,,W3-4
2026-03-09,Mon,Grady,P3_H2_32_Tub2_Lacerate 52,3,17,,,W3-4
2026-03-09,Mon,Grady,P3_H2_32_Tub2_Lacerate 53,3,0,,,W3-4
2026-03-09,Mon,Grady,P3_H2_32_Tub2_Lacerate 54,3,0,,,W3-4
2026-03-09,Mon,Grady,P3_H2_32_Tub2_Lacerate 55,3,9,,,W3-4
2026-03-09,Mon,Grady,P3_H2_32_Tub2_Lacerate 56,3,0,,,W3-4
2026-03-09,Mon,Grady,PX_H2_32_Tub2_Lacerate 57,0,12,,,W3-4
2026-03-09,Mon,Grady,PX_H2_32_Tub2_Lacerate 58,0,0,,,W3-4
2026-03-09,Mon,Grady,PX_H2_32_Tub2_Lacerate 59,0,0,,,W3-4
2026-03-09,Mon,Grady,PX_H2_32_Tub2_Lacerate 60,0,0,,,W3-4
2026-03-09,Mon,Grady,PX_H2_32_Tub2_Lacerate 61,0,5,,,W3-4
2026-03-09,Mon,Grady,PX_H2_32_Tub2_Lacerate 62,0,0,,,W3-4
2026-03-09,Mon,Grady,PX_H2_32_Tub2_Lacerate 63,0,0,,,W3-4
2026-03-09,Mon,Grady,PX_H2_32_Tub2_Lacerate 64,0,0,,,W3-4
2026-03-09,Mon,Grady,PX_H2_32_Tub2_Lacerate 65,0,0,,,W3-4
2026-03-09,Mon,Grady,PX_H2_32_Tub2_Lacerate 66,0,0,,,W3-4
2026-03-09,Mon,Grady,PX_H2_32_Tub2_Lacerate 67,0,0,,,W3-4
2026-03-09,Mon,Grady,PX_H2_32_Tub2_Lacerate 68,0,6,,,W3-4
2026-03-09,Mon,Grady,PX_H2_32_Tub2_Lacerate 69,0,10,,,W3-4
2026-03-09,Mon,Grady,PX_H2_32_Tub2_Lacerate 70,0,10,,,W3-4
2026-03-09,Mon,Grady,P1_H2_32_Tub3_Lacerate 10,12,15,,,W3-4
2026-03-09,Mon,Grady,P2_H2_32_Tub3_Lacerate 11,10,14,,,W3-4
2026-03-09,Mon,Grady,P2_H2_32_Tub3_Lacerate 12,10,7,,,W3-4
2026-03-09,Mon,Grady,P2_H2_32_Tub3_Lacerate 13,10,10,,,W3-4
2026-03-09,Mon,Grady,PX_H2_32_Tub3_Lacerate 14,7,16,,,W3-4
2026-03-09,Mon,Grady,PX_H2_32_Tub3_Lacerate 15,7,15,,,W3-4
2026-03-09,Mon,Grady,PX_H2_32_Tub3_Lacerate 16,7,16,,,W3-4
2026-03-09,Mon,Grady,P1_H2_32_Tub3_Lacerate 17,7,5,,,W3-4
2026-03-09,Mon,Grady,P1_H2_32_Tub3_Lacerate 18,7,7,,,W3-4
2026-03-09,Mon,Grady,P2_H2_32_Tub3_Lacerate 19,7,4,,,W3-4
2026-03-09,Mon,Grady,P3_H2_32_Tub3_Lacerate 20,7,10,,,W3-4
2026-03-09,Mon,Grady,P3_H2_32_Tub3_Lacerate 21,7,10,,,W3-4
2026-03-09,Mon,Grady,P3_H2_32_Tub3_Lacerate 22,7,10,,,W3-4
2026-03-09,Mon,Grady,P3_H2_32_Tub3_Lacerate 23,7,10,,,W3-4
2026-03-09,Mon,Grady,P3_H2_32_Tub3_Lacerate 24,7,15,,,W3-4
2026-03-09,Mon,Grady,P3_H2_32_Tub3_Lacerate 25,5,12,,,W3-4
2026-03-09,Mon,Grady,P3_H2_32_Tub3_Lacerate 26,5,6,,,W3-4
2026-03-09,Mon,Grady,P2_H2_32_Tub3_Lacerate 27,5,12,,,W3-4
2026-03-09,Mon,Grady,P2_H2_32_Tub3_Lacerate 28,5,14,,,W3-4
2026-03-09,Mon,Grady,P1_H2_32_Tub3_Lacerate 29,5,15,,,W3-4
2026-03-09,Mon,Grady,P1_H2_32_Tub3_Lacerate 30,5,12,,,W3-4
2026-03-09,Mon,Grady,P1_H2_32_Tub3_Lacerate 31,5,6,,,W3-4
2026-03-09,Mon,Grady,PX_H2_32_Tub3_Lacerate 32,0,0,,,W3-4
2026-03-09,Mon,Grady,PX_H2_32_Tub3_Lacerate 33,0,0,,,W3-4
2026-03-09,Mon,Grady,PX_H2_32_Tub3_Lacerate 34,0,0,,,W3-4
2026-03-09,Mon,Grady,PX_H2_32_Tub3_Lacerate 35,0,0,,,W3-4
2026-03-09,Mon,Grady,PX_H2_32_Tub3_Lacerate 36,0,0,,,W3-4
2026-03-09,Mon,Grady,PX_H2_32_Tub3_Lacerate 37,0,0,,,W3-4
2026-03-09,Mon,Grady,PX_H2_32_Tub3_Lacerate 38,0,0,,,W3-4
2026-03-09,Mon,Grady,PX_H2_32_Tub3_Lacerate 39,0,0,,,W3-4
2026-03-09,Mon,Grady,PX_H2_32_Tub3_Lacerate 40,0,0,,,W3-4
2026-03-09,Mon,Grady,PX_H2_32_Tub3_Lacerate 41,0,0,,,W3-4
2026-03-09,Mon,Grady,P1_VWA_32_Tub1_Lacerate 11,12,,missing,,W3-4
2026-03-09,Mon,Grady,P3_VWA_32_Tub1_Lacerate 12,12,,missing,,W3-4
2026-03-09,Mon,Grady,P1_VWA_32_Tub1_Lacerate 13,10,,missing,,W3-4
2026-03-09,Mon,Grady,P1_VWA_32_Tub1_Lacerate 14,10,,missing,,W3-4
2026-03-09,Mon,Grady,P3_VWA_32_Tub1_Lacerate 15,10,8,,,W3-4
2026-03-09,Mon,Grady,P3_VWA_32_Tub1_Lacerate 16,10,,missing,,W3-4
2026-03-09,Mon,Grady,P3_VWA_32_Tub1_Lacerate 17,10,15,,,W3-4
2026-03-09,Mon,Grady,P3_VWA_32_Tub1_Lacerate 18,10,13,,,W3-4
2026-03-09,Mon,Grady,P3_VWA_32_Tub1_Lacerate 19,10,13,,,W3-4
2026-03-09,Mon,Grady,P2_VWA_32_Tub1_Lacerate 20,10,12,,,W3-4
2026-03-09,Mon,Grady,P2_VWA_32_Tub1_Lacerate 21,10,10,,,W3-4
2026-03-09,Mon,Grady,P2_VWA_32_Tub1_Lacerate 22,10,17,,,W3-4
2026-03-09,Mon,Grady,P2_VWA_32_Tub1_Lacerate 23,10,9,,,W3-4
2026-03-09,Mon,Grady,P2_VWA_32_Tub1_Lacerate 24,10,,missing,,W3-4
2026-03-09,Mon,Grady,P2_VWA_32_Tub1_Lacerate 25,10,,missing,,W3-4
2026-03-09,Mon,Grady,P1_VWA_32_Tub1_Lacerate 26,7,,missing,,W3-4
2026-03-09,Mon,Grady,P2_VWA_32_Tub1_Lacerate 27,5,,missing,,W3-4
2026-03-09,Mon,Grady,P2_VWA_32_Tub1_Lacerate 28,5,,missing,,W3-4
2026-03-09,Mon,Grady,P3_VWA_32_Tub1_Lacerate 29,5,3,,,W3-4
2026-03-09,Mon,Grady,P3_VWA_32_Tub1_Lacerate 30,5,,missing,,W3-4
2026-03-09,Mon,Grady,P3_VWA_32_Tub1_Lacerate 31,5,,missing,,W3-4
2026-03-09,Mon,Grady,P3_VWA_32_Tub1_Lacerate 32,5,,missing,,W3-4
2026-03-09,Mon,Grady,P1_VWA_32_Tub1_Lacerate 33,5,0,,,W3-4
2026-03-09,Mon,Grady,P1_VWA_32_Tub1_Lacerate 34,5,0,,,W3-4
2026-03-09,Mon,Grady,P1_VWA_32_Tub1_Lacerate 35,5,0,,,W3-4
2026-03-09,Mon,Grady,P1_VWA_32_Tub1_Lacerate 36,5,0,,,W3-4
2026-03-09,Mon,Grady,P1_VWA_32_Tub1_Lacerate 37,5,0,,,W3-4
2026-03-09,Mon,Grady,P1_VWA_32_Tub1_Lacerate 38,5,0,,,W3-4
2026-03-09,Mon,Grady,P1_VWA_32_Tub1_Lacerate 39,5,0,,,W3-4
2026-03-09,Mon,Grady,P1_VWA_32_Tub1_Lacerate 40,5,0,,,W3-4
2026-03-09,Mon,Grady,P1_VWA_32_Tub1_Lacerate 41,5,0,,,W3-4
2026-03-09,Mon,Grady,P1_VWA_32_Tub1_Lacerate 42,5,0,,,W3-4
2026-03-09,Mon,Grady,P1_VWA_32_Tub1_Lacerate 43,5,0,,,W3-4
2026-03-09,Mon,Grady,P1_VWA_32_Tub1_Lacerate 44,5,11,,,W3-4
2026-03-09,Mon,Grady,PX_VWA_32_Tub1_Lacerate 45,5,12,,,W3-4
2026-03-09,Mon,Grady,PX_VWA_32_Tub1_Lacerate 46,5,11,,,W3-4
2026-03-09,Mon,Grady,P2_VWA_32_Tub1_Lacerate 47,3,18,,,W3-4
2026-03-09,Mon,Grady,P2_VWA_32_Tub1_Lacerate 48,3,12,,,W3-4
2026-03-09,Mon,Grady,P2_VWA_32_Tub1_Lacerate 49,3,18,,,W3-4
2026-03-09,Mon,Grady,PX_VWA_32_Tub1_Lacerate 50,0,8,,,W3-4
2026-03-09,Mon,Grady,PX_VWA_32_Tub1_Lacerate 51,0,9,,,W3-4
2026-03-09,Mon,Grady,P1_VWA_32_Tub2_Lacerate 6,12,,missing,,W3-4
2026-03-09,Mon,Grady,PX_VWA_32_Tub2_Lacerate 7,12,9,,,W3-4
2026-03-09,Mon,Grady,PX_VWA_32_Tub2_Lacerate 8,7,10,,,W3-4
2026-03-09,Mon,Grady,P2_VWA_32_Tub2_Lacerate 9,7,12,,,W3-4
2026-03-09,Mon,Grady,P2_VWA_32_Tub2_Lacerate 10,7,10,,,W3-4
2026-03-09,Mon,Grady,P2_VWA_32_Tub2_Lacerate 11,7,9,,,W3-4
2026-03-09,Mon,Grady,PX_VWA_32_Tub2_Lacerate 12,7,17,,,W3-4
2026-03-09,Mon,Grady,P3_VWA_32_Tub2_Lacerate 13,7,0,,,W3-4
2026-03-09,Mon,Grady,P3_VWA_32_Tub2_Lacerate 14,7,0,,,W3-4
2026-03-09,Mon,Grady,P1_VWA_32_Tub2_Lacerate 15,5,0,,,W3-4
2026-03-09,Mon,Grady,P1_VWA_32_Tub2_Lacerate 16,5,0,,,W3-4
2026-03-09,Mon,Grady,P1_VWA_32_Tub2_Lacerate 17,5,0,,,W3-4
2026-03-09,Mon,Grady,P1_VWA_32_Tub2_Lacerate 18,5,0,,,W3-4
2026-03-09,Mon,Grady,P1_VWA_32_Tub2_Lacerate 19,3,0,,,W3-4
2026-03-09,Mon,Grady,P1_VWA_32_Tub3_Lacerate 8,7,11,,,W3-4
2026-03-09,Mon,Grady,P3_VWA_32_Tub3_Lacerate 9,7,0,,,W3-4
2026-03-09,Mon,Grady,P3_VWA_32_Tub3_Lacerate 10,7,15,,,W3-4
2026-03-09,Mon,Grady,P2_VWA_32_Tub3_Lacerate 11,5,4,,,W3-4
2026-03-09,Mon,Grady,P2_VWA_32_Tub3_Lacerate 12,5,0,,,W3-4
2026-03-09,Mon,Grady,P3_VWA_32_Tub3_Lacerate 13,5,0,,,W3-4
2026-03-09,Mon,Grady,P3_VWA_32_Tub3_Lacerate 14,5,0,,,W3-4
2026-03-09,Mon,Grady,P3_VWA_32_Tub3_Lacerate 15,5,0,,,W3-4
2026-03-09,Mon,Grady,P3_VWA_32_Tub3_Lacerate 16,5,0,,,W3-4
2026-03-09,Mon,Grady,P3_VWA_32_Tub3_Lacerate 17,5,0,,,W3-4
2026-03-09,Mon,Grady,P1_VWA_32_Tub3_Lacerate 18,3,6,,,W3-4
2026-03-09,Mon,Grady,P1_VWA_32_Tub3_Lacerate 19,3,0,,,W3-4
2026-03-09,Mon,Grady,P1_VWA_32_Tub3_Lacerate 20,3,0,,,W3-4
2026-03-09,Mon,Grady,P1_VWA_32_Tub3_Lacerate 21,3,0,,,W3-4
2026-03-09,Mon,Grady,P1_VWA_32_Tub3_Lacerate 22,3,0,,,W3-4
2026-03-09,Mon,Grady,P1_VWA_32_Tub3_Lacerate 23,3,0,,,W3-4